Abingdon 	0	8	0	2	British			
Abu Talib 	1	4	0	0	Malay			
Adam 	0	4	0	2	British			
Adat 	1	4	0	0	Malay			
Adis 	0	4	0	0	Malay			
Admiralty 	0	9	1	2	British			
Afifi 	1	5	0	0	Malay			
Ah Hood 	0	3	1	1	Chinese			
Ah Soo 	1	2.5	0	1	Chinese			
Ah Soo 	0	2.5	0	1	Chinese			
Ah Thia 	1	3	0	1	Chinese			
Ahmad Ibrahim 	1	6	0	0	Malay			
Aida 	0	4	0	5	Other	Opera		
Airline 	0	7	1	4	Generic			
Airport 	0	7	1	4	Generic			
Airport Cargo 	0	6	1	4	Generic			
Akyab 	0	5	0	5	Other	Burmese		
Albert 	0	6	1	2	British			
Alexandra 	0	9	0	2	British			
Aliwal 	0	6	0	3	Indian	Possibly named after the Battle of Aliwal	 part of the Anglo-Sikh war	
Aljunied 	0	8	0	2	British			
Alkaff 	0	6	0	5	Other	Arab		
Allamanda 	0	9	1	0	Malay			
Allanbrooke 	0	11	0	2	British			
Allenby 	0	7	0	2	British			
Almond 	0	6	1	6	Nature			
Alnwick 	0	7	0	2	British			
Ama Keng 	0	3.5	0	1	Chinese			
Amber 	0	5	1	2	British			
Amberwood 	0	9	0	2	British			
Amoy 	0	4	0	1	Chinese	"""The name Amoy is an English transliteration of the Zhangzhou pronunciation of the words 厦门 (pronounced Xiamen in Standard Mandarin and E-mng in Standard Hokkien.) The Zhangzhou Hokkien pronunciation was used instead of Standard Xiamen Hokkien because of the overwhelming numbers of Zhangzhou people who left Amoy (now Xiamen) in China to settle in Singapore through the city's port."" - Wikipedia"		
Ampang 	1	6	0	0	Malay			
Ampas 	1	5	0	0	Malay			
Anak Bukit 	1	4.5	0	0	Malay			
Anak Patong 	1	5	0	0	Malay			
Anamalai 	0	8	0	3	Indian	Named after Anamalai Chettiar		
Anchorvale 	0	10	0	2	British			
Anderson 	0	8	0	2	British			
Andover 	0	7	0	2	British			
Andrew 	0	6	0	2	British			
Ang Mo Kio 	0	2.6666666667	0	1	Chinese			
Anggerek 	1	8	0	0	Malay			
Angin Laut 	1	4.5	0	0	Malay			
Angklong 	1	8	0	0	Malay			
Angklong 	0	8	0	0	Malay			
Angora 	0	6	1	5	Other	Another name for Ankara	 Turkey > Angora sheep	 wool
Angsa 	1	5	0	0	Malay			
Angsana 	0	7	0	0	Malay			
Angullia 	0	8	0	5	Other	Peranakan		
Angus 	0	5	0	2	British			
Ann Siang 	0	4	0	1	Chinese			
Anson 	0	5	0	2	British			
Anthony 	0	7	0	2	British			
Antoi 	1	5	0	0	Malay			
Arab 	0	4	0	5	Other			
Arcadia 	0	7	1	5	Other			
Architecture 	0	12	1	4	Generic			
Ardmore 	0	7	0	2	British			
Arif 	1	4	0	0	Malay			
Armenian 	0	8	0	5	Other			
Arnap 	1	5	0	0	Malay			
Arnasalam Chetty 	0	7.5	0	3	Indian			
Aroozoo 	0	7	0	5	Other			
Arthur 	0	6	0	2	British			
Artillery 	0	9	1	4	Generic			
Arts 	0	4	1	4	Generic			
Aruan 	1	5	0	0	Malay			
Arumugam 	0	8	0	0	Malay			
Asas 	1	4	0	0	Malay			
Ascot 	0	5	1	2	British			
Ash 	0	3	1	6	Nature			
Ashwood 	0	7	0	2	British			
Asimont 	0	7	0	2	British			
Asrama 	1	6	1	0	Malay			
Astrid 	0	6	0	2	British			
Asuhan 	1	6	0	0	Malay			
Attap 	0	5	1	0	Malay			
Auckland 	0	8	0	2	British			
Ava 	0	3	1	5	Other	Burmese city		
Aviation 	0	8	1	4	Generic			
Avon 	0	4	0	2	British			
Awan 	1	4	0	0	Malay			
Awang 	1	5	0	0	Malay			
Ayam Hutan 	1	4.5	0	0	Malay			
Ayam Katek 	1	4.5	0	0	Malay			
Ayer 	1	4	0	0	Malay			
Ayer Molek 	1	4.5	0	0	Malay			
Ayer Rajah 	0	4.5	0	3	Indian			
Azam 	1	4	0	0	Malay			
Baboo 	0	5	0	0	Malay			
Bachok 	1	6	0	0	Malay			
Baghdad 	0	7	0	5	Other			
Bah Soon Pah 	0	3.3333333333	1	1	Chinese			
Bahagia 	1	7	0	0	Malay			
Bahar 	1	5	0	0	Malay			
Bahasa 	1	6	0	0	Malay			
Bahru 	1	5	0	0	Malay			
Bahtera 	1	7	0	0	Malay			
Baiduri 	1	7	0	0	Malay			
Bain 	0	4	0	2	British			
Bakar Batu 	1	4.5	0	0	Malay			
Baker 	0	5	1	2	British			
Balam 	0	5	0	5	Other	?		
Balestier 	0	9	0	2	British			
Bali 	0	4	0	5	Other			
Baling 	1	6	1	0	Malay			
Ballater 	0	8	0	2	British			
Balmeg 	0	6	0	5	Other	?		
Balmoral 	0	8	1	2	British			
Ban San 	0	3	1	1	Chinese			
Banda 	0	5	1	3	Indian	Indian city		
Bandang 	1	7	0	0	Malay			
Bangau 	1	6	0	0	Malay			
Bangket 	1	7	0	0	Malay			
Bangkit 	0	7	0	0	Malay			
Bangsawan 	1	9	0	0	Malay			
Barbary 	0	7	0	5	Other			
Barker 	0	6	1	4	Generic			
Bartley 	0	7	0	2	British			
Basong 	1	6	0	0	Malay			
Bassein 	0	7	0	5	Other	Burmese		
Batai 	1	5	0	0	Malay			
Batalong 	1	8	0	0	Malay			
Batawi 	1	6	0	0	Malay			
Bath 	0	4	1	2	British			
Batok 	1	5	0	0	Malay			
Battery 	0	7	1	4	Generic			
Batu 	1	4	0	0	Malay			
Batu Nilam 	1	4.5	0	0	Malay			
Bayfront 	0	8	0	4	Generic			
Bays Water 	0	4.5	1	2	British			
Bayshore 	0	8	0	2	British			
Beach 	0	5	1	4	Generic			
Beatty 	0	6	0	2	British			
Beaulieu 	0	8	0	2	British			
Bedford 	0	7	0	2	British			
Bedok 	1	5	0	0	Malay			
Bedok 	0	5	0	0	Malay			
Bedok Ria 	0	4	0	0	Malay			
Bee San 	0	3	1	1	Chinese			
Beechwood 	0	9	1	2	British			
Begonia 	0	7	1	6	Nature			
Bekukong 	1	8	0	0	Malay			
Belangkas 	1	9	0	0	Malay			
Belibas 	1	7	0	0	Malay			
Belilios 	0	8	0	5	Other			
Belimbing 	0	9	0	0	Malay			
Belmont 	0	7	0	2	British			
Belvedere 	0	9	1	5	Other	Italian name		
Bena 	1	4	0	0	Malay			
Benaan Kapal 	1	5.5	0	0	Malay	"""ship building road"" in Malay"		
Bencoolen 	0	9	0	0	Malay	"""Bencoolen Street was named in remembrance of Sir Stamford Raffles' position as Lieutenant Governor in Bencoolen (now Bengkulu), Sumatra, as well as that it was located in Kampong Bencoolen. When Raffles came to the island in 1819, a number of Bencoolen Malays came as well and settled in the area where the street was. When the British gave up Bencoolen in 1824, after signing the Anglo-Dutch Treaty of 1824, the number of Bencoolen Malays grew. The majority of the oldest Singaporean Malays and Eurasians descended from the Bencoolen Malays."" - Wikipedia"		
Bendemeer 	0	9	0	2	British			
Beng Huat 	0	4	0	1	Chinese			
Beng Wan 	0	3.5	0	1	Chinese			
Bengkok 	1	7	0	0	Malay			
Benoi 	0	5	0	5	Other	?		
Beo 	0	3	0	1	Chinese			
Beringin 	1	8	0	0	Malay			
Berjaya 	1	7	0	0	Malay			
Berkshire 	0	9	0	2	British			
Bermuda 	0	7	0	5	Other			
Bernam 	0	6	0	0	Malay			
Berrima 	0	7	0	5	Other			
Berseh 	1	6	0	0	Malay			
Berseri 	1	7	0	0	Malay			
Berwick 	0	7	0	2	British			
Besar 	1	5	0	0	Malay			
Besut 	1	5	0	0	Malay			
Bhamo 	0	5	0	5	Other	Burmese		
Biawak 	1	6	0	0	Malay			
Bideford 	0	8	0	2	British			
Biggin 	0	6	1	0	Malay			
Bilal 	1	5	0	0	Malay			
Bilal 	0	5	0	0	Malay			
Bin Tong 	0	3.5	1	1	Chinese			
Binchang 	1	8	0	0	Malay			
Binchang 	0	8	0	0	Malay			
Bingka 	1	6	0	0	Malay			
Binja 	1	5	0	0	Malay			
Binjai 	0	6	0	0	Malay			
Bintang Tiga 	1	5.5	0	0	Malay			
Birch 	0	5	1	4	Generic			
Bird 	0	4	1	2	British			
Birdcage 	0	8	1	2	British			
Bishan 	0	6	0	1	Chinese	Derives its name from the large Cantonese burial ground known as Peck San Theng (碧山亭	 bi4shan1ting2)	
Bishops 	0	7	1	2	British			
Bishopsgate 	0	11	0	2	British			
Bishopswalk 	0	11	0	2	British			
Blackmore 	0	9	0	2	British			
Blair 	0	5	0	2	British			
Blandford 	0	9	0	2	British			
Bloxhome 	0	8	0	2	British			
Bo Seng 	0	3	0	1	Chinese			
Boat 	0	4	1	4	Generic			
Bodmin 	0	6	0	2	British			
Bond 	0	4	1	2	British			
Bonham 	0	6	0	2	British			
Boon Keng 	0	4	0	1	Chinese			
Boon Lay 	1	3.5	1	1	Chinese			
Boon Lay 	0	3.5	1	1	Chinese			
Boon Leat 	0	4	1	1	Chinese			
Boon Tat 	0	3.5	1	1	Chinese			
Boon Teck 	0	4	0	1	Chinese			
Boon Tiong 	0	4.5	0	1	Chinese			
Borthwick 	0	9	0	2	British			
Boscombe 	0	8	0	2	British			
Boulevard 	0	9	1	4	Generic			
Boundary 	0	8	1	4	Generic			
Bournemouth 	0	11	0	2	British			
Bowmont 	0	7	0	2	British			
Braddell 	0	8	0	2	British			
Braemar 	0	7	0	2	British			
Branksome 	0	9	0	2	British			
Bras Basah 	0	4.5	0	0	Malay			
Bridge 	0	6	1	4	Generic			
Bridport 	0	8	0	2	British			
Bright 	0	6	1	4	Generic			
Brighton 	0	8	0	2	British			
Bristol 	0	7	1	4	Generic			
Brizay 	0	6	0	5	Other	Place in France?		
Broadrick 	0	9	0	2	British			
Brockhampton 	0	12	0	2	British			
Brompton 	0	8	0	2	British			
Brooke 	0	6	0	2	British			
Brookvale 	0	9	0	2	British			
Buang Kok 	1	4	0	0	Malay			
Buangkok 	0	8	0	0	Malay			
Buckley 	0	7	0	2	British			
Buffalo 	0	7	1	4	Generic			
Bugis 	0	5	0	0	Malay			
Bukit Arang 	0	5	0	0	Malay			
Bukit Batok 	0	5	0	0	Malay			
Bukit Chermin 	0	6	0	0	Malay			
Bukit Ho Swee 	1	3.6666666667	0	1	Chinese			
Bukit Ho Swee 	0	3.6666666667	0	1	Chinese			
Bukit Manis 	0	5	0	0	Malay			
Bukit Merah 	1	5	0	0	Malay			
Bukit Merah 	0	5	0	0	Malay			
Bukit Panjang 	0	6	0	0	Malay			
Bukit Pasoh 	0	5	0	0	Malay			
Bukit Purmei 	0	5.5	0	0	Malay			
Bukit Sedap 	0	5	0	0	Malay			
Bukit Teresa 	0	5.5	0	2	British			
Bukit Timah 	0	5	0	0	Malay			
Bukit Tinggi 	0	5.5	0	0	Malay			
Bukit Tunggal 	0	6	0	0	Malay			
Buloh Perindu 	1	6	0	0	Malay			
Bumbong 	1	7	0	0	Malay			
Bunga 	1	5	0	0	Malay			
Bunga Rampai 	0	5.5	0	0	Malay			
Bunga Rampai 	1	5.5	0	0	Malay			
Bunga Raya 	1	4.5	0	0	Malay			
Bungar 	1	6	0	0	Malay			
Buona 	0	5	0	5	Other			
Burghley 	0	8	0	2	British			
Burgundy 	0	8	1	5	Other			
Burmah 	0	6	0	0	Malay			
Burn 	0	4	1	2	British			
Burnfoot 	0	8	0	2	British			
Buroh 	0	5	0	0	Malay			
Buroh 	1	5	0	0	Malay			
Bury 	0	4	1	2	British			
Business 	0	8	1	4	Generic			
Bussorah 	0	8	0	5	Other	Arab		
Butterfly 	0	9	1	6	Nature			
Butterworth 	0	11	0	2	British			
Buyong 	0	6	0	1	Chinese	?		
Cable 	0	5	1	4	Generic			
Cable Car 	0	4	1	4	Generic			
Cactus 	0	6	1	6	Nature			
Cairnhill 	0	9	0	2	British			
Caldecott 	0	9	0	2	British			
Calshot 	0	7	0	2	British			
Camborne 	0	8	0	2	British			
Cambridge 	0	9	0	2	British			
Camden 	0	6	0	2	British			
Cameron 	0	7	0	2	British			
Camp 	0	4	1	4	Generic			
Campbell 	0	8	0	2	British			
Camphor 	0	7	1	5	Other			
Canada 	0	6	0	5	Other			
Canal 	0	5	1	4	Generic			
Canberra 	0	8	0	5	Other			
Canning 	0	7	1	2	British			
Canterbury 	0	10	1	2	British			
Canton 	0	6	1	1	Chinese			
Cantonment 	0	10	1	4	Generic			
Capricorn 	0	9	0	6	Nature			
Cardiff 	0	7	0	2	British			
Carisbrooke 	0	11	0	2	British			
Carlisle 	0	8	0	2	British			
Carlton 	0	7	0	2	British			
Carmen 	0	6	1	5	Other	Opera		
Carmichael 	0	10	0	2	British			
Carnation 	0	9	1	6	Nature			
Carpenter 	0	9	1	4	Generic			
Carpmael 	0	8	0	2	British			
Carver 	0	6	1	2	British			
Caseen 	0	6	0	2	British			
Cashew 	0	6	1	6	Nature			
Cashin 	0	6	0	2	British			
Cassia 	0	6	1	4	Generic			
Casuarina 	0	9	1	6	Nature			
Catterick 	0	9	0	2	British			
Cavan 	0	5	0	2	British	Named after Frederick Rudolph Lambart	 Earl of Cavan	 a British Field Marshal involved in the Second Boer War and WWI (http://remembersingapore.wordpress.com/2014/01/09/pioneer-names-in-singapore-streets/)
Cavenagh 	0	8	0	2	British			
Cecil 	0	5	0	2	British			
Cedar 	0	5	1	4	Generic			
Cedarwood 	0	9	0	2	British			
Ceylon 	0	6	0	5	Other			
Chai Chee 	0	4	0	1	Chinese			
Chamar 	1	6	0	0	Malay			
Chancery 	0	8	1	2	British			
Chang Charn 	0	5	0	1	Chinese			
Change Alley 	0	5.5	1	4	Generic			
Changi 	1	6	0	0	Malay			
Changi 	0	6	0	0	Malay			
Changi Ferry 	0	5.5	0	0	Malay			
Chapel 	0	6	1	4	Generic			
Charlton 	0	8	0	2	British			
Chartwell 	0	9	0	2	British			
Chatsworth 	0	10	0	2	British			
Chay Yan 	0	3.5	0	1	Chinese			
Cheang Hong Lim 	0	4.3333333333	0	1	Chinese			
Cheang Wan Seng 	0	4.3333333333	0	1	Chinese			
Chee Hoon 	0	4	0	1	Chinese			
Chegar 	1	6	0	0	Malay			
Chelagi 	1	7	0	0	Malay			
Chempah 	1	7	0	0	Malay			
Chempaka 	0	8	0	0	Malay	Malay word for magnolia?		
Chempaka Kuning 	1	7	0	0	Malay			
Chempaka Puteh 	1	6.5	0	0	Malay			
Chempedak 	1	9	0	0	Malay			
Chencharu 	1	9	0	0	Malay			
Cheng Lim 	0	4	0	1	Chinese			
Cheng Soon 	0	4.5	0	1	Chinese			
Cheng Yan 	0	4	0	1	Chinese			
Chengai 	1	7	0	0	Malay			
Chengam 	1	7	0	0	Malay			
Chengkek 	1	8	0	0	Malay			
Cheong Chin Nam 	0	4.3333333333	0	1	Chinese			
Cheow Keng 	0	4.5	0	1	Chinese			
Chepstow 	0	8	0	2	British			
Cherah 	1	6	0	0	Malay			
Chermai 	1	7	0	0	Malay			
Chermat 	1	7	0	0	Malay			
Cherpen 	1	7	0	0	Malay			
Cherry 	0	6	1	6	Nature			
Chestnut 	0	8	1	6	Nature			
Cheviot 	0	7	1	2	British			
Chia Eng Say 	0	3.3333333333	0	1	Chinese			
Chia Ping 	0	4	1	1	Chinese			
Chiap Guan 	0	4.5	0	1	Chinese			
Chichau 	1	7	0	0	Malay			
Chiku 	0	5	0	0	Malay			
Chiltern 	0	8	0	2	British			
Chin 	0	4	1	1	Chinese	?		
Chin Bee 	0	3.5	1	1	Chinese			
Chin Cheng 	0	4.5	0	1	Chinese			
Chin Chew 	0	4	1	1	Chinese			
Chin Hin 	0	3.5	1	1	Chinese			
Chin Swee 	0	4	0	1	Chinese			
China 	0	5	1	1	Chinese			
Chinese 	0	7	0	1	Chinese			
Chiselhurst 	0	11	0	2	British			
Chitty 	0	6	1	3	Indian			
Choa Chu Kang 	0	3.6666666667	0	1	Chinese			
Chong Kuo 	0	4	0	1	Chinese			
Choon Guan 	0	4.5	0	1	Chinese			
Chorak 	1	6	0	0	Malay			
Chu Lin 	0	3	0	1	Chinese			
Chu Yen 	0	3	0	1	Chinese			
Chuan 	1	5	0	1	Chinese	?		
Chuan 	0	5	0	1	Chinese			
Chuan Hoe 	0	4	0	1	Chinese			
Chulek 	1	6	0	0	Malay			
Chulia 	0	6	0	3	Indian	Chulias migrated to Singapore from South India		
Chun Tin 	0	3.5	0	1	Chinese			
Chuntum 	1	7	0	0	Malay			
Church 	0	6	1	4	Generic			
Chwee Chian 	0	5	0	1	Chinese			
Circuit 	0	7	1	4	Generic			
Circular 	0	8	1	4	Generic			
Circus 	0	6	1	4	Generic			
Clacton 	0	7	0	2	British			
Clarence 	0	8	1	2	British			
Clarke 	0	6	0	2	British			
Claymore 	0	8	1	2	British			
Clemenceau 	0	10	0	5	Other	French statesman WWI		
Clementi 	0	8	0	5	Other	Italian composer		
Clifton 	0	7	0	2	British			
Clive 	0	5	0	2	British			
Clover 	0	6	1	6	Nature			
Club 	0	4	1	4	Generic			
Clunny 	0	6	0	2	British			
Cluny 	0	5	0	2	British			
Coast 	0	5	1	4	Generic			
Coast Ferry 	0	5	1	4	Generic			
Cochrane 	0	8	0	2	British			
Colchester 	0	10	0	2	British			
Coldstream 	0	10	0	2	British			
Coleman 	0	7	0	2	British			
College 	0	7	1	2	British			
Collyer 	0	7	0	2	British			
Commonwealth 	0	12	1	2	British			
Compassvale 	0	11	0	2	British			
Coniston 	0	8	0	2	British			
Connaught 	0	9	0	2	British			
Conway 	0	6	0	2	British			
Cook 	0	4	1	2	British			
Cooling 	0	7	1	4	Generic			
Coral 	0	5	1	6	Nature			
Corfe 	0	5	0	2	British			
Cornwall 	0	8	0	2	British			
Coronation 	0	10	1	2	British			
Cosford 	0	7	0	2	British			
Cotswold 	0	8	0	2	British			
Cottesmore 	0	10	0	2	British			
Countryside 	0	11	1	4	Generic			
Court 	0	5	1	4	Generic			
Cove 	0	4	1	4	Generic			
Cowdray 	0	7	0	2	British			
Cox 	0	3	1	2	British			
Craig 	0	5	1	2	British			
Cranborne 	0	9	0	2	British			
Crane 	0	5	1	2	British			
Cranwell 	0	8	0	2	British			
Crawford 	0	8	0	2	British			
Crescent 	0	8	1	4	Generic			
Crichton 	0	8	0	2	British			
Cross 	0	5	1	4	Generic			
Croucher 	0	8	1	2	British			
Crowhurst 	0	9	0	2	British			
Cuff 	0	4	1	2	British			
Cumming 	0	7	1	2	British			
Cuppage 	0	7	0	2	British			
Cuscaden 	0	8	0	2	British			
Cypress 	0	7	1	6	Nature			
Cyprus 	0	6	1	5	Other			
D'almeida 	0	9	0	5	Other	Eurasian (Portuguese)		
Da Silva 	0	3.5	1	5	Other			
Daffodil 	0	8	1	6	Nature			
Dafne 	0	5	0	5	Other	Opera		
Dahan 	0	5	0	1	Chinese	?		
Dairy Farm 	0	4.5	1	4	Generic			
Daisy 	0	5	1	6	Nature			
Dakota 	0	6	0	2	British			
Dalhousie 	0	9	0	2	British			
Daliah 	1	6	0	0	Malay			
Dalkeith 	0	8	0	2	British			
Dalvey 	0	6	0	2	British			
Damai 	1	5	0	0	Malay			
Danau 	1	5	0	0	Malay			
Dangai 	1	6	0	0	Malay			
Datoh 	1	5	0	0	Malay			
Daud 	1	4	1	0	Malay			
Davidson 	0	8	0	2	British			
Dawson 	0	6	0	2	British			
De Souza 	0	3.5	0	5	Other	Eurasian		
Deal 	0	4	1	2	British			
Dedap 	0	5	0	0	Malay			
Defu 	0	4	0	1	Chinese			
Delhi 	0	5	0	3	Indian			
Delta 	0	5	1	4	Generic			
Demak 	1	5	0	0	Malay			
Dempsey 	0	7	0	2	British			
Denham 	0	6	0	2	British			
Depot 	0	5	1	4	Generic			
Deptford 	0	8	0	2	British			
Derbyshire 	0	10	0	2	British			
Dermawan 	1	8	0	0	Malay			
Derum 	1	5	0	0	Malay			
Desker 	0	6	0	5	Other	Named after Andre Filipe Desker	 a Eurasian of Dutch ancestry	
Devonshire 	0	10	0	2	British			
Dickenson 	0	9	0	2	British			
Dickson 	0	7	0	2	British			
Dido 	0	4	1	5	Other	Opera		
Digby 	0	5	0	2	British			
Din Pang 	0	3.5	1	1	Chinese			
Dinding 	1	7	0	0	Malay			
Dix 	0	3	0	2	British			
Dock 	0	4	1	4	Generic			
Dondang Sayang 	1	6.5	0	0	Malay			
Dorset 	0	6	0	2	British			
Dover 	0	5	1	2	British			
Draycott 	0	8	0	2	British			
Dryburgh 	0	8	0	2	British			
Dua 	1	3	0	0	Malay			
Dublin 	0	6	0	2	British			
Duchess 	0	7	1	2	British			
Duke 	0	4	1	4	Generic			
Duke's 	0	6	1	2	British			
Duku 	0	4	0	0	Malay			
Dunbar 	0	6	0	2	British			
Dundee 	0	6	0	2	British			
Dunearn 	0	7	0	2	British			
Dunkirk 	0	7	0	2	British			
Dunlop 	0	6	0	2	British			
Dunman 	0	6	0	2	British			
Dunsfold 	0	8	0	2	British			
Durban 	0	6	0	5	Other			
Durham 	0	6	0	2	British			
Dusan 	1	5	0	0	Malay			
Duxton 	0	6	0	2	British			
Dyson 	0	5	0	2	British			
Ean Kiam 	0	3.5	0	1	Chinese			
Eastern 	0	7	1	4	Generic			
Eastwood 	0	8	0	2	British			
Eaton 	0	5	0	2	British			
Eber 	0	4	0	2	British			
Eden 	0	4	0	2	British			
Edgware 	0	7	0	2	British			
Edinburgh 	0	9	0	2	British			
Ee Teow Leng 	0	3.3333333333	0	1	Chinese			
Elias 	0	5	0	0	Malay			
Elite 	0	5	1	4	Generic			
Elizabeth 	0	9	0	2	British			
Ellenborough 	0	12	0	2	British			
Ellington 	0	9	0	2	British			
Elliot 	0	6	0	2	British			
Ellis 	0	5	0	2	British			
Elm 	0	3	1	6	Nature			
Elok 	1	4	0	0	Malay			
Emas Urai 	1	4	0	0	Malay			
Emerald 	0	7	1	4	Generic			
Empat 	1	5	0	0	Malay			
Empress 	0	7	1	4	Generic			
Enam 	1	4	0	0	Malay			
Eng Hoon 	0	3.5	0	1	Chinese			
Eng Kong 	0	3.5	0	1	Chinese			
Eng Neo 	0	3	0	1	Chinese			
Eng Watt 	0	3.5	0	1	Chinese			
Enggor 	0	6	0	0	Malay			
Engineering 	0	11	1	4	Generic			
Engku Aman 	0	4.5	0	0	Malay			
Enterprise 	0	10	1	4	Generic			
Ernani 	0	6	0	5	Other	Opera by Verdi		
Erskine 	0	7	0	2	British			
Essex 	0	5	0	2	British			
Estate Office 	0	6	1	4	Generic			
Ettrick 	0	7	0	2	British			
Eu Chin 	0	3	0	1	Chinese			
Eu Tong Sen 	0	3	0	1	Chinese			
Eunos 	1	5	0	0	Malay			
Eunos 	0	5	0	0	Malay			
Evans 	0	5	0	2	British			
Evelyn 	0	6	0	2	British			
Evergreen 	0	9	1	2	British			
Everitt 	0	7	0	2	British			
Everton 	0	7	0	2	British			
Ewart 	0	5	0	2	British			
Ewe Boon 	0	3.5	1	1	Chinese			
Exeter 	0	6	0	2	British			
Expo 	0	4	1	4	Generic			
Faber 	0	5	0	2	British			
Faculty 	0	7	1	4	Generic			
Fair 	0	4	1	4	Generic			
Fairways 	0	8	1	4	Generic			
Fairy Point 	0	5	1	2	British			
Fajar 	0	5	0	0	Malay	"Malay word for ""dawn"""		
Falkland 	0	8	0	2	British			
Fan Yoong 	0	4	0	1	Chinese			
Farleigh 	0	8	0	2	British			
Farnborough 	0	11	0	2	British			
Farrer 	0	6	0	2	British			
Fernhill 	0	8	0	2	British			
Fernwood 	0	8	0	2	British			
Fidelio 	0	7	0	5	Other			
Fifth 	0	5	1	4	Generic			
Fifth Lok Yang 	0	4	0	1	Chinese			
Figaro 	0	6	0	5	Other	Opera		
Fiji 	0	4	0	5	Other			
Finlayson 	0	9	0	2	British			
Fir 	0	3	1	4	Generic			
First 	0	5	1	4	Generic			
First Hospital 	0	6.5	1	4	Generic			
First Lok Yang 	0	4	0	1	Chinese			
Fish Farm 	0	4	1	4	Generic			
Fisher 	0	6	1	2	British			
Fishery Port 	0	5.5	1	4	Generic			
Five Foot 	0	4	1	4	Generic			
Flanders 	0	8	0	5	Other	WWI		
Flint 	0	5	1	2	British			
Flora 	0	5	1	2	British			
Florence 	0	8	1	2	British			
Florida 	0	7	0	2	British			
Florissa 	0	8	0	2	British	?		
Flower 	0	6	1	4	Generic			
Foch 	0	4	0	5	Other			
Folkestone 	0	10	0	2	British			
Foo Kim Lin 	0	3	0	1	Chinese			
Ford 	0	4	1	2	British			
Forfar 	0	6	0	2	British			
Fort 	0	4	1	4	Generic			
Fort Canning 	0	5.5	1	2	British			
Fourth 	0	6	1	4	Generic			
Fourth Chin Bee 	0	4.3333333333	1	1	Chinese			
Fourth Lok Yang 	0	4.3333333333	0	1	Chinese			
Fowlie 	0	6	0	2	British			
Francis Thomas 	0	6.5	0	2	British			
Frankel 	0	7	0	2	British			
French 	0	6	1	2	British			
Fudu 	0	4	0	1	Chinese	?		
Fullerton 	0	9	0	2	British			
Fulton 	0	6	0	2	British			
Gaharu 	1	6	0	0	Malay			
Gajus 	1	5	0	0	Malay			
Gali Batu 	1	4	0	0	Malay			
Galistan 	0	8	0	5	Other			
Gallop 	0	6	1	4	Generic			
Gambas 	0	6	1	0	Malay			
Gambas 	1	6	1	0	Malay			
Gambir 	1	6	1	0	Malay			
Gambir 	0	6	1	0	Malay			
Ganges 	0	6	0	3	Indian			
Gangsa 	0	6	0	0	Malay			
Gapis 	1	5	0	0	Malay			
Garage 	0	6	1	4	Generic			
Garden 	0	6	1	4	Generic			
Gardenia 	0	8	1	4	Generic			
Garlick 	0	7	0	2	British			
Gateway 	0	7	1	4	Generic			
Gek Poh 	0	3	0	1	Chinese			
Gelam 	1	5	0	0	Malay			
Gelegar 	1	7	0	0	Malay			
Gelenggang 	1	10	0	0	Malay			
Gemala 	1	6	0	0	Malay			
Gembira 	1	7	0	0	Malay			
Gemmill 	0	7	0	2	British			
Gendang 	1	7	0	0	Malay			
Geneng 	1	6	0	0	Malay			
Genting 	0	7	0	0	Malay			
Gentle 	0	6	1	0	Malay			
George 	0	6	0	2	British			
Gerald 	0	6	0	2	British			
Geylang 	0	7	0	0	Malay			
Geylang 	1	7	0	0	Malay			
Geylang Bahru 	0	6	0	0	Malay			
Geylang Serai 	0	6	0	0	Malay			
Ghim Moh 	0	3.5	0	1	Chinese			
Gibraltar 	0	9	0	5	Other			
Gillman 	0	7	0	2	British			
Gilstead 	0	8	0	2	British			
Gimbul 	1	6	0	0	Malay			
Girang 	1	6	0	0	Malay			
Gladiola 	0	8	1	4	Generic			
Glasgow 	0	7	0	2	British			
Gloucester 	0	10	0	2	British			
Goldhill 	0	8	0	2	British			
Gombak 	0	6	0	0	Malay			
Goodlink 	0	8	0	2	British			
Goodman 	0	7	1	2	British			
Goodwood 	0	8	0	2	British			
Gopeng 	0	6	0	0	Malay	Town in Perak	 Malaysia	
Gordon 	0	6	0	2	British			
Gosport 	0	7	1	2	British			
Gotong Royong 	1	6	0	0	Malay			
Grace 	0	5	1	2	British			
Graham White 	0	5.5	1	2	British			
Grange 	0	6	1	2	British			
Gray 	0	4	0	2	British			
Green 	0	5	1	2	British			
Greenbank 	0	9	0	2	British			
Greendale 	0	9	0	2	British			
Greenfield 	0	10	1	2	British			
Greenleaf 	0	9	0	2	British			
Greenmead 	0	9	0	2	British			
Greenpark 	0	9	0	2	British			
Greenridge 	0	10	0	2	British			
Greenview 	0	9	0	4	Generic			
Greenwood 	0	9	1	2	British			
Greja 	1	5	0	0	Malay			
Grisek 	1	6	0	0	Malay			
Grove 	0	5	1	6	Nature			
Guan Chuan 	0	4.5	0	1	Chinese			
Guan Soon 	0	4	1	1	Chinese			
Guillemard 	0	10	0	2	British			
Gul 	0	3	1	6	Nature	"Appears on F&J plan as ""Tg Gull"" so possibly after the bird?"		
Gulega 	0	6	0	0	Malay			
Gumilang 	1	8	0	0	Malay			
Gunner 	0	6	1	4	Generic			
Guok 	0	4	0	1	Chinese			
Gymkhana 	0	8	1	2	British			
Hacienda 	0	8	1	5	Other			
Hai Sing 	0	3.5	0	1	Chinese			
Haig 	0	4	0	2	British			
Haigsville 	0	10	0	2	British			
Haji 	0	4	0	0	Malay			
Haji Alias 	1	4.5	0	0	Malay			
Haji Salam 	1	4.5	0	0	Malay			
Hajijah 	1	7	0	0	Malay			
Halifax 	0	7	0	2	British			
Halton 	0	6	0	2	British			
Halus 	1	5	0	0	Malay			
Halwa 	1	5	0	0	Malay			
Hamilton 	0	8	0	2	British			
Hampshire 	0	9	0	2	British			
Hampstead 	0	9	0	0	Malay			
Handalan 	1	8	0	0	Malay			
Handy 	0	5	1	2	British			
Hang Jebat 	1	4.5	0	0	Malay			
Happy 	0	5	1	2	British			
Harbour 	0	7	0	4	Generic			
Harding 	0	7	0	2	British			
Hari Raya 	1	4	0	0	Malay			
Harlyn 	0	6	0	2	British			
Harom Setangkai 	1	7	0	0	Malay			
Harper 	0	6	1	2	British			
Harrison 	0	8	0	2	British			
Hartley 	0	7	0	2	British			
Harum 	1	5	0	0	Malay			
Harvey 	0	6	0	2	British			
Hastings 	0	8	1	2	British			
Havelock 	0	8	1	2	British			
Hawkinge 	0	8	0	2	British			
Hay Market 	0	4.5	1	4	Generic			
Hazel 	0	5	1	6	Nature			
Hemmant 	0	7	0	2	British			
Hemsley 	0	7	0	2	British			
Henderson 	0	9	0	2	British			
Hendon 	0	6	0	2	British			
Hendry 	0	6	0	2	British			
Heng Mui Keng 	0	3.6666666667	0	1	Chinese			
Hertford 	0	8	0	2	British			
Hiboran 	1	7	0	0	Malay			
High 	0	4	1	4	Generic			
Highgate 	0	8	0	2	British			
Highland 	0	8	1	4	Generic			
Hikayat 	1	7	0	0	Malay			
Hill 	0	4	1	4	Generic			
Hillcrest 	0	9	1	4	Generic			
Hillside 	0	8	1	4	Generic			
Hillview 	0	8	0	4	Generic			
Hindhede 	0	8	0	2	British			
Hindoo 	0	6	0	3	Indian			
Hitam Manis 	1	5	0	0	Malay			
Ho Ching 	0	3.5	0	1	Chinese			
Ho Swee 	1	3	0	1	Chinese			
Hobart 	0	6	0	2	British			
Hock Chye 	1	4	0	1	Chinese			
Hoe Chiang 	0	4.5	0	1	Chinese			
Hokien 	0	6	0	1	Chinese			
Holland 	0	7	1	2	British	"""Often mistaken for naming after the Dutch community in Singapore, the long Holland Road was actually named after Hugh Holland, an early resident, architect and amateur actor who used to lived at Tanglin area."" - http://remembersingapore.wordpress.com/2014/01/09/pioneer-names-in-singapore-streets/"		
Hollland 	0	8	0	2	British			
Holt 	0	4	1	2	British			
Hon Sui Sen 	0	3	0	1	Chinese			
Hong Kah 	0	3.5	0	1	Chinese			
Hong Lee 	0	3.5	1	1	Chinese			
Hong San 	0	3.5	1	1	Chinese			
Hongkong 	0	8	0	1	Chinese			
Hooper 	0	6	1	2	British			
Hoot Kiam 	0	4	0	1	Chinese			
Hornchurch 	0	10	0	2	British			
Horne 	0	5	0	2	British			
Horsham 	0	7	0	2	British			
Hospital 	0	8	1	4	Generic			
Hougang 	0	7	0	0	Malay			
How Sun 	0	3	1	1	Chinese			
How Sun 	1	3	1	1	Chinese			
Howard 	0	6	0	2	British			
Hoy Fatt 	0	3.5	0	1	Chinese			
Hu Ching 	0	3.5	0	1	Chinese			
Hua Guan 	0	3.5	0	1	Chinese			
Huddington 	0	10	0	2	British			
Hullet 	0	6	0	2	British			
Hume 	0	4	0	2	British			
Hun Yeang 	0	4	0	1	Chinese			
Hussein 	1	7	0	0	Malay			
Hwi Yoh 	1	3	0	1	Chinese			
Hyde 	0	4	0	2	British			
Hyderabad 	0	9	0	3	Indian			
Hylam 	0	5	0	1	Chinese	Hylam < Hainan (https://thelongnwindingroad.wordpress.com/tag/hylam-streets/)		
Hythe 	0	5	1	2	British			
Ibadat 	1	6	0	0	Malay			
Ikan Merah 	1	4.5	0	0	Malay			
Ilmu 	1	4	0	0	Malay			
Imbiah 	0	6	0	0	Malay			
Indus 	0	5	0	3	Indian			
Inggu 	1	5	0	0	Malay			
Inner Temple 	0	5.5	1	4	Generic			
Insaf 	1	5	0	0	Malay			
Institution 	0	11	1	4	Generic			
Intan 	1	5	0	0	Malay			
International 	0	13	1	4	Generic			
International Business 	0	10.5	1	4	Generic			
Ipoh 	0	4	0	0	Malay			
Iqbal 	0	5	0	5	Other			
Ironside 	0	8	1	4	Generic			
Irrawaddy 	0	9	0	5	Other	Burmese		
Irving 	0	6	0	2	British			
Irwell 	0	6	0	2	British			
Ishak 	1	5	0	0	Malay			
Island 	0	6	1	4	Generic			
Island Club 	0	5	1	4	Generic			
Ismail 	1	6	0	0	Malay			
Isnin 	1	5	0	0	Malay			
Istana 	0	6	0	0	Malay			
Istimewa 	1	8	0	0	Malay			
Jacaranda 	0	9	1	6	Nature			
Jago 	0	4	0	2	British	Cornish version of 'James'?		
Jamal 	1	5	0	0	Malay			
Jambol 	0	6	0	0	Malay			
Jambu Ayer 	1	4.5	0	0	Malay			
Jambu Batu 	1	4.5	0	0	Malay			
Jambu Mawar 	1	5	0	0	Malay			
Janggus 	1	7	0	0	Malay			
Jansen 	0	6	0	2	British			
Japanese 	0	8	0	5	Other			
Jarak 	1	5	0	0	Malay			
Jasmine 	0	7	1	6	Nature			
Jati 	1	4	0	0	Malay			
Java 	0	4	1	0	Malay			
Jedburgh 	0	8	0	2	British			
Jelapang 	0	8	0	0	Malay			
Jelebu 	0	6	0	0	Malay			
Jelita 	1	6	0	0	Malay			
Jellicoe 	0	8	0	2	British			
Jendela 	1	7	0	0	Malay			
Jentera 	1	7	0	0	Malay			
Jermin 	1	6	0	0	Malay			
Jeruju 	1	6	0	0	Malay			
Jervois 	0	7	0	2	British			
Jetty 	0	5	1	4	Generic			
Jiak Chuan 	0	4.5	0	1	Chinese			
Jiak Kim 	0	3.5	0	1	Chinese			
Jintan 	1	6	0	0	Malay			
Jitong 	1	6	0	0	Malay			
Joan 	0	4	0	2	British			
John 	0	4	1	2	British			
Johore 	0	6	0	0	Malay			
Jong 	1	4	0	0	Malay			
Joo 	0	3	0	1	Chinese			
Joo Chiat 	0	4	0	1	Chinese			
Joo Hong 	0	3.5	0	1	Chinese			
Joo Koon 	0	3.5	0	1	Chinese			
Joo Seng 	0	3.5	0	1	Chinese			
Joo Yee 	0	3	0	1	Chinese			
Joon Hiang 	0	4.5	0	1	Chinese			
Joran 	1	5	0	0	Malay			
Jubilee 	0	7	1	2	British			
Jupiter 	0	7	0	6	Nature			
Jurong 	0	6	0	0	Malay			
Jurong Kechil 	1	6	0	0	Malay			
Jurong Pier 	0	5	0	0	Malay			
Jurong Port 	0	5	0	0	Malay			
Jurong Town Hall 	0	4.6666666667	0	0	Malay			
Kabong 	1	6	0	0	Malay			
Kadayanallur 	0	12	0	3	Indian			
Kakatua 	1	7	0	0	Malay			
Kaki Bukit 	0	4.5	0	0	Malay			
Kalidasa 	0	8	0	3	Indian			
Kallang 	0	7	0	0	Malay			
Kallang Bahru 	0	6	0	0	Malay			
Kallang Pudding 	0	7	0	0	Malay			
Kallang Tengah 	0	6.5	0	0	Malay			
Kampong Ampat 	0	6	0	0	Malay			
Kampong Arang 	0	6	0	0	Malay			
Kampong Bahru 	0	6	0	0	Malay			
Kampong Bugis 	0	6	0	0	Malay			
Kampong Chantek 	1	7	0	0	Malay			
Kampong Eunos 	0	6	0	0	Malay			
Kampong Java 	0	5.5	1	0	Malay			
Kampong Kapor 	0	6	0	0	Malay			
Kampong Kayu 	0	5.5	0	0	Malay			
Kampong Siglap 	1	6.5	0	0	Malay			
Kampong Sireh 	0	6	0	1	Chinese			
Kampong Wak Hassan 	0	5.3333333333	0	0	Malay			
Kandahar 	0	8	0	5	Other	City in Afghanistan		
Kandis 	1	6	0	0	Malay			
Kang Ching 	0	4.5	0	1	Chinese			
Kang Choo Bin 	0	3.6666666667	0	1	Chinese			
Kanisha Marican 	0	7	0	3	Indian			
Kapal 	1	5	0	0	Malay			
Karikal 	0	7	0	3	Indian			
Kasai 	0	5	0	0	Malay			
Kasau 	1	5	0	0	Malay			
Kathi 	1	5	0	0	Malay			
Katmandu 	0	8	0	5	Other	Capital of Nepal		
Kay Poh 	0	3	1	1	Chinese			
Kay Siang 	0	4	0	1	Chinese			
Kayu 	1	4	0	0	Malay			
Kayu Manis 	1	4.5	0	0	Malay			
Kebasi 	1	6	0	0	Malay			
Kebaya 	1	6	0	0	Malay			
Kebun Limau 	1	5	0	0	Malay			
Kechil 	1	6	0	0	Malay			
Kechot 	1	6	0	0	Malay			
Kechubong 	1	9	0	0	Malay			
Kee Choe 	0	3.5	0	1	Chinese			
Kee Seng 	0	3.5	0	1	Chinese			
Kee Sun 	0	3	0	1	Chinese			
Kelabu Asap 	1	5	0	0	Malay			
Kelantan 	0	8	0	0	Malay			
Kelawar 	1	7	0	0	Malay			
Kelempong 	1	9	0	0	Malay			
Keli 	1	4	0	0	Malay			
Kelichap 	1	8	0	0	Malay			
Kellock 	0	7	0	2	British			
Kelopak 	0	7	0	0	Malay			
Kelulut 	1	7	0	0	Malay			
Kelulut 	0	7	0	0	Malay			
Kemajuan 	1	8	0	0	Malay			
Kemaman 	1	7	0	0	Malay			
Kembagan 	1	8	0	0	Malay			
Kembang 	1	7	0	0	Malay			
Kembang Melati 	1	6.5	0	0	Malay			
Kembangan 	1	9	0	0	Malay			
Kemboja 	1	7	0	0	Malay			
Kempas 	0	6	0	0	Malay			
Kemunchup 	1	9	0	0	Malay			
Kemuning 	1	8	0	0	Malay			
Kenanga 	0	7	0	0	Malay			
Kenarah 	1	7	0	0	Malay			
Keng Cheow 	0	4.5	0	1	Chinese			
Keng Chin 	0	4	0	1	Chinese			
Keng Kiat 	0	4	0	1	Chinese			
Keng Lee 	0	3.5	0	1	Chinese			
Kensington 	0	10	0	2	British			
Kent 	0	4	1	4	Generic			
Kenya 	0	5	0	5	Other			
Keong Saik 	0	4.5	0	1	Chinese			
Keppel 	0	6	0	2	British			
Keramat 	0	7	0	0	Malay			
Kerayong 	1	8	0	0	Malay			
Kerbau 	0	6	0	0	Malay			
Kerepek 	1	7	0	0	Malay			
Keria 	1	5	0	0	Malay			
Keris 	1	5	0	0	Malay			
Keris 	0	5	0	0	Malay			
Keruing 	1	7	0	0	Malay			
Kesoma 	1	6	0	0	Malay			
Kesudian 	1	8	0	0	Malay			
Kesum 	1	5	0	0	Malay			
Ketuka 	1	6	0	0	Malay			
Ketumbit 	1	8	0	0	Malay			
Kew 	0	3	0	2	British			
Khairuddin 	1	10	0	0	Malay			
Khalsa 	0	6	0	3	Indian			
Khamis 	1	6	0	0	Malay			
Kheam Hock 	0	4.5	0	1	Chinese			
Khiang Guan 	0	5	0	1	Chinese			
Kian Teck 	0	4	0	1	Chinese			
Kilang 	1	6	0	0	Malay			
Kilang Barat 	1	5.5	0	0	Malay			
Kilang Timor 	1	5.5	0	0	Malay			
Kilat 	1	5	0	0	Malay			
Killiney 	0	8	0	2	British			
Kim Cheng 	0	4	0	1	Chinese			
Kim Chuan 	0	4	0	1	Chinese			
Kim Keat 	0	3.5	0	1	Chinese			
Kim Pong 	0	3.5	0	1	Chinese			
Kim Seng 	0	3.5	0	1	Chinese			
Kim Tian 	0	3.5	0	1	Chinese			
Kim Yam 	0	3	0	1	Chinese			
King Albert 	0	5	1	2	British			
King George's 	0	6	0	2	British			
King's 	0	6	1	2	British			
Kingsmead 	0	9	0	2	British			
Kingswear 	0	9	0	2	British			
Kinta 	0	5	0	0	Malay			
Kirk 	0	4	0	2	British			
Kismis 	0	6	0	5	Other			
Kismis 	1	6	0	0	Malay			
Kitchener 	0	9	1	2	British			
Klang 	0	5	1	0	Malay			
Klapa 	1	5	0	0	Malay			
Kledek 	1	6	0	0	Malay			
Klinik 	1	6	0	0	Malay			
Kloof 	0	5	1	5	Other			
Knights 	0	7	1	2	British			
Koek 	0	4	0	1	Chinese			
Koh Sek Lim 	0	3	0	1	Chinese			
Koon Seng 	0	4	0	1	Chinese			
Korban 	1	6	0	0	Malay			
Korma 	1	5	1	0	Malay			
Kovan 	0	5	0	5	Other			
Kramat 	0	6	0	0	Malay			
Kranji 	0	6	0	0	Malay			
Kreta Ayer 	0	4.5	0	0	Malay			
Krian 	1	5	0	0	Malay			
Kuak 	1	4	0	0	Malay			
Kuala Loyang 	0	5.5	0	1	Chinese			
Kuang 	1	5	0	0	Malay			
Kubor 	1	5	0	0	Malay			
kukoh 	1	5	0	0	Malay			
Kumia 	1	5	0	0	Malay			
Kung Chong 	0	4.5	0	1	Chinese			
Kuning 	1	6	0	0	Malay			
Kuo Chuan 	0	4	0	1	Chinese			
Kupang 	1	6	0	0	Malay			
Kuras 	1	5	0	0	Malay			
Kurau 	0	5	0	0	Malay			
Kwok Min 	1	3.5	0	1	Chinese			
Kwong 	0	5	0	1	Chinese			
Kwong Min 	0	4	0	1	Chinese			
La Salle 	0	3.5	1	5	Other			
Labrador Villa 	0	6.5	1	2	British			
Labu Ayer 	1	4	0	0	Malay			
Labu Manis 	1	4.5	0	0	Malay			
Labu Merah 	1	4.5	0	0	Malay			
Labu Puteh 	1	4.5	0	0	Malay			
Lada Hitam 	1	4.5	0	0	Malay			
Lada Merah 	1	4.5	0	0	Malay			
Lada Pati 	1	4	0	0	Malay			
Lady 	0	4	1	2	British			
Lagoon 	0	6	1	4	Generic			
Lagos 	0	5	0	5	Other			
Laguna Golf 	0	5	1	4	Generic			
Lakepoint 	0	9	0	4	Generic			
Lakeshore 	0	9	1	4	Generic			
Lakme 	0	5	0	5	Other	Opera		
Lakum 	1	5	0	0	Malay			
Lam Huat 	1	3.5	0	1	Chinese			
Lam Sam 	1	3	1	1	Chinese	?		
Lambeth 	0	7	0	2	British			
Lana 	1	4	1	0	Malay			
Lancaster 	0	9	0	2	British			
Lange 	0	5	0	5	Other	Possibly named after Cecilia Catharina Lange	 the Danish wife of Sultan Abu Bakar (Zubaidah binti Abdullah)	
Langgar Bedok 	1	6	0	0	Malay			
Langsat 	0	7	0	0	Malay			
Lanjut 	1	6	0	0	Malay			
Lantana 	0	7	1	0	Malay			
Lapang 	1	6	0	0	Malay			
Larkhill 	0	8	0	2	British			
Larut 	0	5	0	0	Malay			
Lasia 	0	5	0	0	Malay			
Lateh 	1	5	0	0	Malay			
Lavender 	0	8	1	6	Nature			
Law 	0	3	1	4	Generic			
Layang Layang 	1	6	0	0	Malay			
Leban 	1	5	0	0	Malay			
Lebat Daun 	1	4.5	0	0	Malay			
Leedon 	0	6	0	2	British			
Legundi 	1	7	0	0	Malay			
Leicester 	0	9	0	2	British			
Leith 	0	5	0	2	British			
Lekar 	1	5	0	0	Malay			
Lekub 	1	5	0	0	Malay			
Lembah Bedok 	1	5.5	0	0	Malay			
Lembah Kallang 	1	6.5	0	0	Malay			
Lembah Thomson 	1	6.5	0	2	British	Lembah = Malay word for Valley		
Lembu 	0	5	0	0	Malay			
Lemon 	0	5	1	4	Generic			
Lempeng 	0	7	0	0	Malay			
Lempeng 	1	7	0	0	Malay			
Leng Kee 	0	3.5	0	1	Chinese			
Lengkok Sembawang 	1	8	0	0	Malay			
Lentor 	0	6	1	2	British			
Leo 	0	3	0	2	British			
Leonie 	0	6	0	2	British			
Lepas 	1	5	0	0	Malay			
Lermit 	0	6	0	2	British			
Leuchars 	0	8	0	2	British	Scottish name		
Lew Lian 	1	3.5	0	1	Chinese			
Lew Lian 	0	3.5	0	1	Chinese			
Lewin 	0	5	0	2	British			
Lewis 	0	5	1	2	British			
Leyden 	0	6	0	2	British			
Li Hwan 	0	3	1	1	Chinese			
Li Po 	0	2	1	1	Chinese			
Liane 	0	5	1	2	British			
Liang Seah 	0	4.5	0	1	Chinese			
Libra 	0	5	1	4	Generic			
Lichfield 	0	9	0	2	British			
Lichi 	0	5	0	0	Malay			
Lighthouse 	0	10	1	4	Generic			
Lilac 	0	5	1	6	Nature			
Lily 	0	4	1	4	Generic			
Lim Ah Pin 	0	2.6666666667	0	1	Chinese			
Lim Ah Woo 	0	2.6666666667	0	1	Chinese			
Lim Chu Kang 	0	3.3333333333	0	1	Chinese			
Lim Liak 	0	3.5	0	1	Chinese			
Lim Tai See 	0	3	0	1	Chinese			
Lim Tai See 	1	3	0	1	Chinese			
Lim Teck Boo 	0	3.3333333333	0	1	Chinese			
Lim Teck Kim 	0	3.3333333333	0	1	Chinese			
Lim Tua Tow 	0	3	0	1	Chinese			
Lima 	1	4	1	0	Malay			
Limau 	1	5	0	0	Malay			
Limau 	0	5	0	0	Malay			
Limau Balli 	1	5	0	0	Malay			
Limau Kasturi 	1	6	0	0	Malay			
Limau Manis 	1	5	0	0	Malay			
Limau Nipis 	1	5	0	0	Malay			
Limau Purut 	1	5	0	0	Malay			
Limbok 	1	6	0	0	Malay			
Lincoln 	0	7	0	2	British			
Linden 	0	6	1	6	Nature			
Link 	0	4	1	4	Generic			
Liput 	1	5	0	0	Malay			
Little 	0	6	1	2	British			
Little India 	0	5.5	0	3	Indian			
Liu Fang 	0	3.5	0	1	Chinese			
Lloyd 	0	5	0	2	British			
Lock 	0	4	1	5	Other	? not sure if named after someone named Lock / canal lock / lock and key lock		
Loewen 	0	6	0	5	Other	Dutch?		
Lok Yang 	0	3.5	0	1	Chinese			
Lokam 	1	5	0	0	Malay			
Loke Yew 	0	3.5	1	1	Chinese			
Lompang 	0	7	0	0	Malay			
Lornie 	0	6	0	2	British			
Lorong Realty 	0	6	0	4	Generic			
Lothian 	0	7	0	2	British			
Lotus 	0	5	1	6	Nature			
Low Koon 	1	3.5	0	1	Chinese			
Lower 	0	5	1	4	Generic			
Lower Delta 	0	5	1	4	Generic			
Lower Kent 	0	4.5	1	2	British			
Lowland 	0	7	1	4	Generic			
Loyang 	0	6	0	1	Chinese			
Loyang Besar 	1	5.5	0	0	Malay			
Loyang Besar 	0	5.5	0	0	Malay			
Lucky 	0	5	1	4	Generic			
Ludlow 	0	6	0	2	British			
Lutheran 	0	8	0	5	Other			
Lye Kwee 	1	3.5	0	1	Chinese			
Lyndhurst 	0	9	0	2	British			
Lynwood 	0	7	0	2	British			
Ma'mor 	1	6	0	0	Malay			
MacAlister 	0	10	0	2	British			
Machang 	1	7	0	0	Malay			
MacKenzie 	0	9	0	2	British			
MacKerrow 	0	9	0	2	British			
MacPherson 	0	10	0	2	British			
MacTaggart 	0	10	0	2	British			
Madras 	0	6	1	3	Indian			
Magazine 	0	8	1	4	Generic			
Mahir 	1	5	0	0	Malay			
Maida 	0	5	0	2	British			
Maidstone 	0	9	0	2	British			
Main 	0	4	1	2	British			
Majapahit 	1	9	0	3	Indian			
Maju 	0	4	0	0	Malay			
Makepeace 	0	9	0	2	British			
Makeway 	0	7	0	2	British			
Malabar 	0	7	0	3	Indian	Malabar Muslims from the state of Kerala in India		
Malacca 	0	7	1	0	Malay			
Malai 	1	5	0	0	Malay			
Malan 	0	5	0	0	Malay			
Malcolm 	0	7	0	2	British			
Malta 	0	5	0	5	Other			
Malu-Malu 	1	9	0	0	Malay			
Mambong 	1	7	0	0	Malay			
Mandai 	0	6	0	0	Malay	?		
Mandai Lake 	0	5	0	0	Malay			
Mandalay 	0	8	0	5	Other	Burmese city		
Mangis 	0	6	0	0	Malay			
Manila 	0	6	0	5	Other			
Manis 	1	5	0	0	Malay			
Manston 	0	7	0	2	British			
Maple 	0	5	1	4	Generic			
Mar Thoma 	0	4	0	5	Other			
Marang 	0	6	0	6	Nature			
Maranta 	0	7	1	6	Nature			
Margaret 	0	8	0	2	British			
Margate 	0	7	0	2	British			
Margoliouth 	0	11	0	2	British			
Maria 	0	5	1	2	British			
Mariam 	1	6	0	0	Malay			
Mariam 	0	6	0	5	Other	?		
Marican 	1	7	0	0	Malay			
Marigold 	0	8	1	6	Nature			
Marina 	0	6	1	4	Generic			
Marina Bay 	0	4.5	1	4	Generic			
Marina Coastal 	0	6.5	1	4	Generic			
Marina Station 	0	6.5	1	4	Generic			
Marine 	0	6	1	4	Generic			
Marine Parade 	0	6	1	4	Generic			
Maritime 	0	8	1	4	Generic			
Market 	0	6	1	4	Generic			
Marlene 	0	7	0	2	British			
Marne 	0	5	0	2	British			
Marshall 	0	8	1	2	British			
Marsiling 	0	9	0	1	Chinese			
Martaban 	0	8	0	5	Other	Burmese		
Martia 	0	6	0	2	British			
Martin 	0	6	1	2	British			
Martlesham 	0	10	0	2	British			
Maryland 	0	8	0	2	British			
Marymount 	0	9	0	2	British			
Marzuki 	1	7	0	0	Malay			
Mas Kuning 	1	4.5	0	0	Malay			
Mas Merah 	1	4	0	0	Malay			
Mas Puteh 	1	4	0	0	Malay			
Mashhor 	1	7	0	0	Malay			
Masjid 	1	6	1	0	Malay			
Mastuli 	1	7	0	0	Malay			
Mat Jambol 	1	4.5	0	0	Malay			
Mata 	0	4	0	0	Malay			
Mata Ayer 	1	4	0	0	Malay			
Matlock 	0	7	0	2	British			
Mattar 	0	6	0	0	Malay			
Maude 	0	5	0	2	British			
Mawar 	1	5	0	0	Malay			
Maxwell 	0	7	1	2	British			
May 	0	3	1	2	British			
Mayaanam 	1	8	0	3	Indian			
Mayfield 	0	8	0	2	British			
Mayflower 	0	9	1	2	British			
Mayne 	0	5	0	2	British			
Mayo 	0	4	1	2	British			
McCallum 	0	8	0	2	British			
McNair 	0	6	0	2	British			
Medical 	0	7	1	4	Generic			
Medway 	0	6	0	2	British			
Mega 	1	4	1	0	Malay			
Mei Chin 	0	3.5	0	1	Chinese			
Mei Hwan 	0	3.5	0	1	Chinese			
Melati 	1	6	0	0	Malay			
Melayu 	1	6	0	0	Malay			
Melor 	1	5	0	0	Malay			
Melrose 	0	7	0	2	British			
Melukut 	1	7	0	0	Malay			
Membina 	1	7	0	0	Malay			
Membina Barat 	1	6	0	0	Malay			
Mempurong 	1	9	0	0	Malay			
Menarong 	1	8	0	0	Malay			
Mendong 	1	7	0	0	Malay			
Meng Suan 	0	4	0	1	Chinese			
Mengkudu 	1	8	0	0	Malay			
Meragi 	0	6	0	0	Malay			
Merah Saga 	1	4.5	0	0	Malay			
Merak 	1	5	0	0	Malay			
Merbau 	0	6	0	0	Malay			
Merbok 	1	6	0	0	Malay			
Merbok 	0	6	0	2	British			
Merchant 	0	8	1	2	British			
Merdu 	1	5	0	0	Malay			
Mergui 	0	6	0	5	Other	Burmese town		
Merino 	0	6	1	2	British			
Merlimau 	1	8	0	0	Malay			
Merpati 	0	7	0	0	Malay			
Merryn 	0	6	0	2	British			
Mesin 	1	5	0	0	Malay			
Mesra 	1	5	0	0	Malay			
Metropole 	0	9	0	2	British			
Meyappa Chettiar 	0	7.5	0	3	Indian			
Meyer 	0	5	0	5	Other	Named after Jewish businessman Sir Manasseh Meyer (http://remembersingapore.wordpress.com/2014/01/09/pioneer-names-in-singapore-streets/)		
Middle 	0	6	1	4	Generic			
Middlesex 	0	9	0	2	British			
Miller 	0	6	1	2	British			
Mimosa 	0	6	1	6	Nature			
Minbu 	0	5	0	5	Other	Burmese city		
Minden 	0	6	0	5	Other	Named after the Battle of Minden fought by the Duke of Marlborough – Infopedia		
Ming Teck 	0	4	0	1	Chinese			
Minggu 	1	6	0	0	Malay			
Minto 	0	5	0	5	Other			
Minyak 	1	6	0	0	Malay			
Mistri 	0	6	0	0	Malay			
Moh Guan 	0	3.5	0	1	Chinese			
Mohamad Ali 	0	5	0	0	Malay			
Mohamad Sultan 	0	6.5	0	0	Malay			
Monk's 	0	6	1	2	British			
Montreal 	0	8	0	5	Other			
Moon 	0	4	1	6	Nature			
Moonbeam 	0	8	1	6	Nature			
Moonstone 	0	9	1	6	Nature			
Moreton 	0	7	0	2	British			
Morley 	0	6	0	2	British			
Mornington 	0	10	0	2	British			
Morse 	0	5	1	2	British			
Mosque 	0	6	1	0	Malay			
Moulmein 	0	8	0	2	British			
Mount Echo 	0	4.5	1	4	Generic			
Mount Elizabeth 	0	7	0	2	British			
Mount Emily 	0	5	0	2	British			
Mount Faber 	0	5	0	2	British			
Mount Pleasant 	0	6.5	1	2	British			
Mount Rosie 	0	5	0	2	British			
Mount Sinai 	0	5	0	5	Other			
Mount Sophia 	0	5.5	1	2	British			
Mount Vernon 	0	5.5	0	2	British			
Mountbatten 	0	11	0	2	British			
Mugliston 	0	9	0	2	British			
Mugliston 	1	9	0	2	British			
Muhibbah 	1	8	0	0	Malay			
Mulberry 	0	8	1	2	British			
Mulia 	1	5	0	0	Malay			
Munshi Abdullah 	0	7	0	0	Malay			
Murai 	0	5	0	0	Malay			
Murai 	1	5	0	0	Malay			
Murray 	0	6	1	2	British			
Muscat 	0	6	1	5	Other			
Muswell 	0	7	0	2	British			
Muthuraman Chetty 	0	8	0	3	Indian			
Mutiara 	1	7	0	0	Malay			
Mydin 	1	5	0	0	Malay			
Naga Sari 	1	4	1	0	Malay			
Nakhoda 	1	7	0	0	Malay			
Nallur 	0	6	0	3	Indian			
Nam Seng 	1	3.5	0	1	Chinese			
Namly 	0	5	0	2	British			
Nangka 	1	6	0	0	Malay			
Nankin 	0	6	1	1	Chinese			
Nanson 	0	6	0	2	British			
Nanyang 	0	7	0	1	Chinese			
Napier 	0	6	0	2	British			
Napiri 	1	6	0	0	Malay			
Narayanan Chetty 	0	7.5	0	3	Indian			
Narooma 	0	7	0	5	Other	? Australian town (Aboriginal name origin)?		
Nassim 	0	6	0	5	Other	Arab name		
Nathan 	0	6	0	2	British			
Naung 	1	5	0	5	Other			
Nee Soon 	0	3.5	0	1	Chinese			
Neil 	0	4	0	2	British			
Nelson 	0	6	1	2	British			
Nemesu 	0	6	0	0	Malay	?		
Neo Pee Teck 	0	3.3333333333	0	1	Chinese			
Neo Tiew 	0	3.5	0	1	Chinese			
Neram 	0	5	0	3	Indian	?		
Netheravon 	0	10	0	2	British			
New 	0	3	1	4	Generic			
New Bugis 	0	4	0	5	Other			
New Changi 	0	4.5	0	1	Chinese			
New Loyang 	0	4.5	0	1	Chinese	From Chinese Luoyang?		
New Market 	0	4.5	1	4	Generic			
Newton 	0	6	1	2	British			
Neythal 	0	7	0	5	Other			
Nicoll 	0	6	0	2	British			
Nile 	0	4	0	5	Other			
Nim 	0	3	1	2	British	?		
Nipah 	1	5	0	0	Malay			
Nira 	1	4	0	0	Malay			
Niven 	0	5	0	2	British			
Noordin 	0	7	0	0	Malay			
Norfolk 	0	7	0	2	British			
Norma 	0	5	0	2	British			
Normanton 	0	9	0	2	British			
Norris 	0	6	0	2	British			
Northolt 	0	8	0	2	British			
Northumberland 	0	14	0	2	British			
Northwood 	0	9	0	2	British			
Novena 	0	6	1	5	Other			
Novena 	1	6	1	5	Other			
Novena Barat 	1	5.5	0	0	Malay			
Novena Selatan 	1	6.5	0	0	Malay			
Novena Timor 	1	5.5	0	0	Malay			
Novena Utara 	1	5.5	0	0	Malay			
Nuri 	1	4	0	0	Malay			
Nutmeg 	0	6	1	6	Nature			
Oak 	0	3	1	6	Nature			
Oakwood 	0	7	1	2	British			
Ocean 	0	5	1	6	Nature			
Oei Tiong Ham 	0	3.6666666667	0	1	Chinese			
Office 	0	6	1	4	Generic			
Oldham 	0	6	0	2	British			
Olive 	0	5	1	4	Generic			
Omar Khayyam 	0	5.5	0	5	Other			
Onan 	0	4	0	0	Malay	"""It is likely that Onan Road was named after Onan bin Rajidin, a migrant from Java who built a mosque in the area called Onan Road Mosque"" - NLB Infopedia"		
One Tree 	0	3.5	1	6	Nature			
Ong Lye 	1	3	0	1	Chinese			
Onraet 	0	6	0	5	Other	"""Onraet Road was named after René Henry de Solminihac Onraet (1887-1952). Born in India, René Onraet became a police cadet at the Straits Settlements Police Force in 1907. His talents in languages; he was able to speak English, Malay, Mandarin and Hokkien fluently, allowed him to work as an undercover to bust some of the biggest gambling dens in Chinatown."" - http://remembersingapore.wordpress.com/2014/01/09/pioneer-names-in-singapore-streets/"		
Ontario 	0	7	0	5	Other			
Opal 	0	4	1	6	Nature			
Ophir 	0	5	0	2	British			
Orange 	0	6	1	6	Nature			
Orchard 	0	7	1	4	Generic			
Orchard Spring 	0	6.5	1	4	Generic			
Orchid 	0	6	1	6	Nature			
Orchid Club 	0	5	1	4	Generic			
Ord 	0	3	0	2	British	Named after Sir Harry St George Ord		
Oriole 	0	6	1	6	Nature			
Ottawa 	0	6	0	5	Other			
Outram 	0	6	0	0	Malay			
Owen 	0	4	0	2	British			
Oxford 	0	6	1	2	British			
Oxley 	0	5	0	2	British			
Pacheli 	1	7	0	0	Malay			
Padang Chancery 	0	7	1	0	Malay			
Padang Jeringau 	0	7	0	0	Malay			
Pagoda 	0	6	1	1	Chinese			
Pahang 	0	6	0	0	Malay			
Pakis 	1	5	0	0	Malay			
Pakistan 	0	8	0	5	Other			
Palm 	0	4	1	4	Generic			
Palmer 	0	6	1	2	British			
Panchar 	1	7	0	0	Malay			
Pandan 	1	6	0	0	Malay			
Pandan 	0	6	0	0	Malay			
Pang Seng 	0	4	0	1	Chinese			
Papan 	1	5	0	0	Malay			
Paradise 	0	8	1	2	British			
Paranakan 	0	9	0	5	Other			
Paras 	1	5	1	0	Malay			
Parbury 	0	7	0	2	British			
Pari Burong 	1	5	0	0	Malay			
Pari Dedap 	1	4.5	0	0	Malay			
Pari Kikis 	1	4.5	0	0	Malay			
Pari Unak 	1	4	0	0	Malay			
Park 	0	4	1	4	Generic			
Park Villas 	0	5	1	4	Generic			
Parkstone 	0	9	0	2	British			
Parliament 	0	10	1	4	Generic			
Parry 	0	5	1	2	British			
Parsi 	0	5	0	5	Other			
Pasar 	0	5	0	0	Malay			
Pasar Baru 	1	4.5	0	0	Malay			
Pasir Laba 	0	4.5	0	0	Malay			
Pasir Panjang 	0	6	0	0	Malay			
Pasir Panjang RoadView 	0	6.6666666667	0	0	Malay			
Pasir Ria 	1	4	0	0	Malay			
Pasir Ris 	0	4	0	0	Malay			
Pasiran 	1	7	0	0	Malay			
Pasu 	1	4	0	0	Malay			
Paterson 	0	8	0	2	British			
Paya Lebar 	0	4.5	0	0	Malay			
Paya Lebar 	1	4.5	0	0	Malay			
Payah 	1	5	0	0	Malay			
Payoh Lai 	1	4	0	0	Malay			
Peach 	0	5	1	4	Generic			
Peakville 	0	9	0	2	British			
Pearl 	0	5	1	6	Nature			
Pearl's 	0	7	1	2	British			
Pebble 	0	6	1	6	Nature			
Peck Hay 	0	3.5	1	1	Chinese			
Peck Seah 	0	4	0	1	Chinese			
Peel 	0	4	1	2	British			
Pegu 	0	4	0	5	Other	Burmese city		
Pei Wah 	0	3	0	1	Chinese			
Peirce 	0	6	0	2	British			
Pekin 	0	5	1	4	Generic			
Pelajau 	1	7	0	0	Malay			
Pelangi 	1	7	0	0	Malay			
Pelatina 	1	8	0	0	Malay			
Pelatok 	1	7	0	0	Malay			
Pelepah 	1	7	0	0	Malay			
Pelikat 	1	7	0	0	Malay			
Pemimpin 	0	8	0	0	Malay			
Pemimpin 	1	8	0	0	Malay			
Penang 	0	6	1	0	Malay			
Penchalak 	1	9	0	0	Malay			
Pendek 	1	6	0	0	Malay			
Pender 	0	6	0	2	British			
Pending 	0	7	1	0	Malay	"Means ""large waist buckle"" in Malay"		
Peng Nguan 	0	4.5	0	1	Chinese			
Penhas 	0	6	0	5	Other	Named after a wealthy Jewish merchant with Iraqi roots	 Rahamin Penhas	
Penjara 	1	7	0	0	Malay			
Penjuru 	0	7	0	0	Malay			
Pennefather 	0	11	0	2	British			
Penshurst 	0	9	0	2	British			
Pepys 	0	5	0	2	British			
Perahu 	1	6	0	0	Malay			
Perak 	0	5	0	0	Malay			
Percival 	0	8	0	2	British			
Pereira 	0	7	1	5	Other	Eurasian (orig. Portuguese)		
Pergam 	1	6	0	0	Malay			
Perimeter 	0	9	1	4	Generic			
Permata 	1	7	0	0	Malay			
Pernama 	1	7	0	0	Malay			
Perumal 	0	7	0	0	Malay			
Pesari 	0	6	0	0	Malay			
Pesawat 	1	7	0	0	Malay			
Petain 	0	6	0	5	Other	WWI French general		
Petir 	0	5	0	0	Malay	Malay word for 'lightning'		
Pheng Geck 	0	4.5	0	1	Chinese			
Philip 	0	6	0	2	British			
Phillips 	0	8	0	2	British			
Phoenix 	0	7	1	4	Generic			
Piala 	1	5	0	0	Malay			
Piccadilly 	0	10	1	2	British			
Pickering 	0	9	0	2	British			
Pier 	0	4	1	4	Generic			
Pillai 	0	6	0	3	Indian			
Pinang 	1	6	1	0	Malay			
Pine 	0	4	1	4	Generic			
Pinewood 	0	8	1	2	British			
Pintau 	1	6	0	0	Malay			
Pioneer 	0	7	1	2	British			
Pipit 	0	5	1	0	Malay	?		
Piring 	1	6	0	0	Malay			
Pisang 	1	6	0	0	Malay			
Pisang Asam 	1	5	0	0	Malay			
Pisang Batu 	1	5	0	0	Malay			
Pisang Emas 	1	5	0	0	Malay			
Pisang Hijau 	1	5.5	0	0	Malay			
Pisang Raja 	1	5	0	0	Malay			
Pisang Udang 	1	5.5	0	0	Malay			
Pitt 	0	4	0	2	British			
Plantation 	0	10	1	4	Generic			
Platina 	0	7	1	5	Other			
Playfair 	0	8	0	2	British			
Plumer 	0	6	0	2	British			
Plymouth 	0	8	0	2	British			
Poh Huat 	0	3.5	0	1	Chinese			
Pokok Serunai 	1	6	0	0	Malay			
Ponggol 	0	7	0	0	Malay			
Poole 	0	5	0	2	British			
Port 	0	4	1	4	Generic			
Portchester 	0	11	0	2	British			
Portsdown 	0	9	0	2	British			
Potong Pasir 	0	5.5	0	0	Malay			
Preston 	0	7	0	2	British			
Primrose 	0	8	1	6	Nature			
Prince 	0	6	1	2	British			
Prince Charles 	0	6.5	0	2	British			
Prince Edward 	0	6	0	2	British			
Prince George's 	0	7	0	2	British			
Prince of Wales 	0	4.3333333333	1	2	British			
Prince Philip 	0	6	0	2	British			
Prinsep 	0	7	0	2	British			
Prome 	0	5	0	5	Other	Burmese		
Puay Hee 	0	3.5	0	1	Chinese			
Pulasan 	0	7	0	0	Malay			
Punai 	1	5	0	0	Malay			
Punggol 	0	7	0	0	Malay			
Punggol Port 	0	5.5	0	0	Malay			
Puntong 	1	7	0	0	Malay			
Purmei 	1	6	0	0	Malay			
Purvis 	0	6	0	2	British			
Puteh Jerneh 	1	5.5	0	0	Malay			
Puteh Jula Juli 	1	4.3333333333	0	0	Malay			
Puyoh 	1	5	0	0	Malay			
Quality 	0	7	1	2	British			
Quee Chew 	1	4	0	1	Chinese			
Queen 	0	5	1	2	British			
Queen Astrid 	0	5.5	0	2	British			
Queen Elizabeth 	0	7	0	2	British			
Queen's 	0	7	1	2	British			
Queen's Row 	0	5	1	2	British			
Queensway 	0	9	0	2	British			
Quemoy 	0	6	0	1	Chinese			
Rabu 	1	4	0	0	Malay			
Race Course 	0	5	1	4	Generic			
Raeburn 	0	7	0	2	British			
Raffles 	0	7	1	2	British			
Raffles Institution 	0	9	1	2	British			
Raglan 	0	6	1	2	British	Welsh name http://www.houseofnames.com/raglan-family-crest?a=54323-224		
Rahmat 	1	6	0	0	Malay			
Raja Udang 	1	4.5	0	0	Malay			
Rajah 	1	5	1	3	Indian			
Rajawali 	1	8	0	0	Malay			
Rakit 	1	5	0	0	Malay			
Rama Rama 	1	4	0	0	Malay			
Rambai 	0	6	0	0	Malay			
Rambau 	0	6	0	0	Malay			
Rambutan 	0	8	1	0	Malay			
Ramsgate 	0	8	0	2	British			
Rangoon 	0	7	0	5	Other	Burmese		
Rasok 	1	5	0	0	Malay			
Ratus 	0	5	1	0	Malay	malay word for 'hundred'		
Raya 	1	4	1	0	Malay			
Read 	0	4	1	2	British			
Rebana 	1	6	0	0	Malay			
Rebecca 	0	7	0	2	British			
Recreation 	0	10	1	4	Generic			
Redhill 	0	7	0	2	British			
Redop 	1	5	0	0	Malay			
Redwood 	0	7	1	2	British			
Refinery 	0	8	1	4	Generic			
Regent 	0	6	1	2	British			
Remaja 	1	6	0	0	Malay			
Remis 	1	5	0	0	Malay			
Rendang 	1	7	0	0	Malay			
Rengas 	1	6	1	0	Malay			
Rengkam 	1	7	0	0	Malay			
Republic 	0	8	1	4	Generic			
Resak 	1	5	0	0	Malay			
Reservoir 	0	9	1	4	Generic			
Rhu 	0	3	0	0	Malay			
Ria 	1	3	1	0	Malay			
Riang 	1	5	0	0	Malay			
Richards 	0	8	0	2	British			
Ridgewood 	0	9	0	2	British			
Ridley 	0	6	1	2	British			
Ridout 	0	6	0	2	British			
Rienzi 	0	6	0	5	Other	-		
Rifle Range 	0	5	1	4	Generic			
Rimau 	1	5	0	0	Malay			
Rindu 	1	5	0	0	Malay			
Ring 	0	4	1	4	Generic			
Ringwood 	0	8	0	2	British			
Ripley 	0	6	0	2	British			
River 	0	5	1	4	Generic			
Riverina 	0	8	0	4	Generic			
Riverside 	0	9	1	4	Generic			
Riviera 	0	7	1	4	Generic			
Road 	0	4	1	4	Generic			
Roberts 	0	7	0	2	British			
Robertson 	0	9	0	2	British			
Robey 	0	5	0	2	British			
Robin 	0	5	1	2	British			
Robinson 	0	8	0	2	British			
Rochalie 	0	8	0	2	British			
Rochdale 	0	8	0	2	British			
Rochester 	0	9	0	2	British			
Rochor 	0	6	0	2	British			
Rochor Canal 	0	5.5	0	2	British			
Rodyk 	0	5	0	5	Other	sounds Dutch		
Rose 	0	4	1	6	Nature			
Roseburn 	0	8	0	2	British			
Rosewood 	0	8	1	2	British			
Ross 	0	4	0	2	British			
Rosyth 	0	6	0	2	British			
Rotan 	0	5	0	0	Malay			
Rowell 	0	6	0	2	British			
Royal 	0	5	1	4	Generic			
Ruby 	0	4	1	4	Generic			
Rukam 	1	5	0	0	Malay			
Rumah Tinggi 	1	5.5	0	0	Malay			
Rumbia 	1	6	0	0	Malay			
Rumia 	1	5	0	0	Malay			
Russels 	0	7	1	2	British			
Rusuk 	1	5	0	0	Malay			
Rutland 	0	7	0	2	British			
Sabit 	1	5	0	0	Malay			
Saga 	1	4	1	0	Malay			
Sago 	0	4	1	6	Nature			
Sahabat 	1	7	0	0	Malay			
Sahad 	1	5	0	0	Malay			
Saiboo 	0	6	0	5	Other	?		
Sajak 	1	5	0	0	Malay			
Sakra 	0	5	0	0	Malay			
Salam 	0	5	0	0	Malay	?		
Salang 	1	6	0	0	Malay			
Salleh 	1	6	0	0	Malay			
Sallim 	0	6	0	5	Other	possibly Arab		
Sam Kongsi 	1	4.5	0	1	Chinese			
Sam Leong 	0	4	0	1	Chinese			
Samak 	1	5	0	0	Malay			
Samarinda 	1	9	0	0	Malay			
Sampan 	0	6	1	0	Malay			
Sampurna 	1	8	0	0	Malay			
Samulun 	1	7	0	0	Malay			
Sandilands 	0	10	0	2	British			
Sandown 	0	7	0	2	British			
Sandwich 	0	8	1	4	Generic			
Sandy 	0	5	1	4	Generic			
Sankam 	1	6	0	0	Malay			
Sappan 	1	6	1	0	Malay			
Saraca 	0	6	0	6	Nature			
Sari 	1	4	1	0	Malay			
Sarina 	1	6	0	0	Malay			
Sarkies 	0	7	0	5	Other	Armenian		
Sarum 	0	5	0	2	British	? Old (Latin) name for Salisbury		
Satu 	1	4	0	0	Malay			
Saudara Ku 	1	4.5	0	0	Malay			
Saujana 	0	7	0	0	Malay	?		
Saunders 	0	8	0	2	British			
Sayang 	1	6	0	0	Malay			
Science 	0	7	1	6	Nature			
Scotts 	0	6	0	2	British			
Sea 	0	3	1	4	Generic			
Sea Breeze 	0	4.5	1	6	Nature			
Seagull 	0	7	1	6	Nature			
Seah 	0	4	0	1	Chinese			
Seah Im 	0	3	0	1	Chinese			
Sealand 	0	7	0	2	British			
Seaview 	1	7	0	4	Generic			
Second 	0	6	1	4	Generic			
Second Chin Bee 	0	4.3333333333	1	1	Chinese			
Second Hospital 	0	7	1	4	Generic			
Second Lok Yang 	0	4.3333333333	0	1	Chinese			
Sedap 	1	5	0	0	Malay			
Segam 	1	5	0	0	Malay			
Seh Chuan 	1	4	0	1	Chinese			
Sejarah 	1	7	0	0	Malay			
Selamat 	1	7	0	0	Malay			
Selangat 	1	8	0	0	Malay			
Selanting 	1	9	0	0	Malay			
Selarang 	0	8	0	0	Malay			
Selaseh 	1	7	0	0	Malay			
Selegie 	0	7	0	0	Malay	"""The word ""selegie"" is believed to be a Malay word that refers to a wooden spear sharpened and hardened by fire. A Bugis pirate race known as Orang Selegie were said to have lived on a hill known as Mount Sophia, located near Selegie Road during Singapore's early years."" - Infopedia"		
Selendang Delima 	1	7.5	0	0	Malay			
Seletar 	0	7	0	0	Malay	"""The Malay word seletar refers to the aboriginal coastal dwellers"" – Wikipedia"		
Seletar Club 	0	5.5	0	0	Malay			
Seletar Hills 	0	6	0	0	Malay			
Seletar Satellite Station 	0	7.6666666667	0	0	Malay			
Selimang 	1	8	0	0	Malay			
Semangka 	1	8	0	0	Malay			
Sembawang 	0	9	0	0	Malay			
Sembawang Hills 	0	7	0	0	Malay			
Sembilang 	1	9	0	0	Malay			
Sembong 	0	7	0	0	Malay			
Semerbak 	1	8	0	0	Malay			
Sempadan 	1	8	0	0	Malay			
Senandong 	1	9	0	0	Malay			
Senang 	1	6	0	0	Malay			
Senang 	0	6	0	0	Malay			
Sendudok 	1	8	0	0	Malay			
Seng Poh 	0	3.5	0	1	Chinese			
Sengkang 	0	8	0	1	Chinese	"""prosperous harbour"" in Chinese"		
Seni 	1	4	0	0	Malay			
Senja 	0	5	0	0	Malay			
Sennett 	0	7	0	2	British			
Senoko 	0	6	0	0	Malay	"F&J: ""River Simko"" or Sungei Senoko in Malay"		
Sentosa 	0	7	0	0	Malay			
Sentosa 	1	7	0	0	Malay			
Senyum 	1	6	0	0	Malay			
Serambi 	1	7	0	0	Malay			
Seranggong Kechil 	1	8	0	0	Malay			
Serangoon 	0	9	0	0	Malay			
Serapong 	0	8	0	3	Indian			
Serapong Course 	0	7	0	3	Indian			
Seraya 	0	6	0	2	British			
Serenade 	0	8	1	2	British			
Serene 	1	6	1	2	British			
Serengam 	1	8	0	0	Malay			
Seruling 	1	8	0	0	Malay			
Sesuai 	1	6	0	0	Malay			
Setia 	1	5	0	0	Malay			
Seton 	0	5	1	2	British			
Shaer 	1	5	0	5	Other	?		
Shamah 	0	6	0	0	Malay			
Shan 	0	4	1	5	Other	Burmese		
Shanghai 	0	8	1	1	Chinese			
Shangri-La 	0	10	0	5	Other			
Shaw 	0	4	1	4	Generic			
Shelford 	0	8	0	2	British			
Shenton 	0	7	0	2	British			
Shepherd's 	0	10	1	2	British			
Sherwood 	0	8	0	2	British			
Shipyard 	0	8	1	4	Generic			
Short 	0	5	1	2	British			
Shrewsbury 	0	10	0	2	British			
Shunfu 	0	6	0	1	Chinese			
Siak Kew 	0	3.5	0	1	Chinese			
Sian Tuan 	0	4	0	1	Chinese			
Siang Kuang 	0	5	0	1	Chinese			
Siang Lim 	0	4	0	1	Chinese			
Siantan 	1	7	0	0	Malay			
Siap 	1	4	0	0	Malay			
Siglap 	0	6	0	0	Malay	"""...among the explanations for the name ‘Siglap’ is a local legend that attributed it to a Malay chieftain, Tok Lasam, who upon first landing in the area during a particularly dark thunderstorm, called it ‘Si-gelap’, which translated literally from Malay means ‘darkness that conceals’."" - http://www.mysiglap.org/who-we-are/history"		
Siglap 	1	6	0	0	Malay			
Sikudangan 	1	10	0	0	Malay			
Silat 	0	5	0	5	Other			
Silosa 	0	6	0	0	Malay			
Siloso 	0	6	0	0	Malay	"Malayan word meaning ""rock"" – Wikipedia"		
Sime 	0	4	0	2	British			
Simei 	0	5	0	2	British			
Simon 	0	5	0	2	British			
Simpang Bedok 	1	6	0	0	Malay			
Sims 	0	4	1	2	British			
Sin Ming 	0	3.5	1	1	Chinese			
Sinar Bintang 	1	6	0	0	Malay			
Sinar Bulan 	1	5	0	0	Malay			
Sinaran 	1	7	0	0	Malay			
Sindor 	1	6	0	0	Malay			
Sing 	0	4	1	4	Generic			
Sing Joo 	0	3.5	0	1	Chinese			
Singa 	1	5	0	0	Malay			
Siok Wan 	0	3.5	0	1	Chinese			
Sirat 	0	5	0	5	Other			
Sireh 	1	5	0	0	Malay			
Sireh Pinang 	1	5.5	0	0	Malay			
Sit Wah 	0	3	0	1	Chinese			
Sixth 	0	5	1	4	Generic			
Sixth Lok Yang 	0	4	0	1	Chinese			
Smith 	0	5	1	2	British			
Solomon 	0	7	0	2	British			
Somerset 	0	8	1	2	British			
Somme 	0	5	0	5	Other			
Sommerville 	0	11	0	2	British			
Songket 	1	7	0	0	Malay			
Soo Bee 	1	3	0	1	Chinese	Possibly Hokkien – see http://2ndshot.blogspot.com/2009/12/from-soo-bee-to-see-may.html		
Soo Chow 	0	3.5	0	1	Chinese			
Soon Lee 	0	3.5	1	1	Chinese			
Soon Wing 	0	4	1	1	Chinese			
Sophia 	0	6	1	2	British	Named in honour of Raffles' second wife		
Sotong 	1	6	0	0	Malay			
Spooner 	0	7	1	2	British			
Sports 	0	6	1	4	Generic			
Spottiswoode 	0	12	0	2	British			
Spring 	0	6	1	4	Generic			
Springleaf 	0	10	0	2	British			
Springside 	0	10	0	4	Generic			
Springwood 	0	10	1	2	British			
St. Andrew's 	0	5.5	0	2	British			
St. Anne's 	0	4.5	0	2	British			
St. Barnabas 	0	5.5	0	2	British			
St. Francis 	0	5	0	2	British			
St. George's 	0	5.5	0	2	British			
St. Gregory's 	0	6	0	2	British			
St. Helena 	0	4.5	0	2	British			
St. Helier's 	0	5.5	0	2	British			
St. John's 	0	4.5	0	2	British			
St. Margaret's 	0	6.5	0	2	British			
St. Martin's 	0	5.5	0	2	British			
St. Michael's 	0	6	0	2	British			
St. Nicholas 	0	5.5	0	2	British			
St. Patrick's 	0	6	0	2	British			
St. Thomas 	0	4.5	0	2	British			
St. Wilfred 	0	5	0	2	British			
St. Xavier's 	0	5.5	0	2	British			
Stadium 	0	7	1	4	Generic			
Stagmont 	0	8	0	2	British			
Stamford 	0	8	0	2	British			
Stangee 	0	7	0	0	Malay			
Stangee 	1	7	0	0	Malay			
Stanley 	0	7	0	2	British			
Starlight 	0	9	1	4	Generic			
Stephen Lee 	0	5	0	1	Chinese	Named after Father Stephen Lee	 a local Chinese Catholic priest who helped Teochew refugees from Swatow	 China to settle in the Mandai area
Stevens 	0	7	1	2	British			
Still 	0	5	1	2	British			
Stirling 	0	8	0	2	British			
Stockport 	0	9	0	2	British			
Stokesay 	0	8	0	2	British			
Stone 	0	5	1	2	British			
Stores 	0	6	1	2	British			
Strathmore 	0	10	0	2	British			
Stratton 	0	8	0	2	British			
Students 	0	8	1	4	Generic			
Sturdee 	0	7	0	2	British			
Suasa 	1	5	0	0	Malay			
Sudan 	0	5	0	5	Other			
Suffolk 	0	7	0	2	British			
Suka 	1	4	0	0	Malay			
Sukachita 	1	9	0	0	Malay			
Sultan 	0	6	1	0	Malay			
Sultan 	1	6	1	0	Malay			
Sum Wah Chee 	0	3.3333333333	0	1	Chinese			
Summer 	0	6	1	6	Nature			
Sunbird 	0	7	1	4	Generic			
Sundrige 	0	8	0	2	British			
Sungei 	1	6	0	0	Malay			
Sungei 	0	6	0	0	Malay			
Sungei Belang 	1	6	0	0	Malay			
Sungei Gedong 	0	6	0	0	Malay			
Sungei Kadut 	0	5.5	0	0	Malay			
Sungei Poyan 	1	5.5	0	0	Malay			
Sungei Tengah 	0	6	0	0	Malay			
Sunrise 	0	7	1	6	Nature			
Sunrise Villa 	0	6	1	4	Generic			
Sunset 	0	6	1	6	Nature			
Sunshine 	0	8	1	6	Nature			
Surau 	1	5	0	0	Malay			
Surin 	0	5	0	5	Other			
Surrey 	0	6	1	2	British			
Sussex 	0	6	0	2	British			
Swallow 	0	7	1	6	Nature			
Swan Lake 	0	4	1	4	Generic			
Swanage 	0	7	0	2	British			
Swettenham 	0	10	0	2	British			
Swiss 	0	5	1	5	Other			
Swiss Club 	0	4.5	1	5	Other			
Swiss Cottage 	0	6	1	5	Other			
Syed Alwi 	0	4	0	0	Malay			
Synagogue 	0	9	1	4	Generic			
Tagore 	0	6	0	3	Indian			
Tah Ching 	0	4	0	1	Chinese			
Tahar 	1	5	0	0	Malay			
Tai Gin 	0	3	1	1	Chinese			
Tai Hwan 	0	3.5	1	1	Chinese			
Tai Keng 	0	3.5	0	1	Chinese			
Tai Seng 	0	3.5	0	1	Chinese			
Tai Seng 	1	3.5	0	1	Chinese			
Tai Thong 	0	4	1	1	Chinese			
Tai Yuan 	0	3.5	1	1	Chinese			
Talma 	0	5	1	5	Other	Named after Edwy Lyonet Talma	 a member of the Malayan Civil Service originally from Barbados and a leader in the Eurasian community. http://eresources.nlb.gov.sg/infopedia/articles/SIP_409_2005-01-25.html	
Taman 	1	5	0	0	Malay			
Tamarind 	0	8	1	4	Generic			
Tamban 	1	6	0	0	Malay			
Tambur 	1	6	1	0	Malay			
Tampang 	1	7	0	0	Malay			
Tampines 	0	8	0	0	Malay			
Tan Boon Chong 	0	4	0	1	Chinese			
Tan Kim Cheng 	0	3.6666666667	0	1	Chinese			
Tan Quee Lan 	0	3.3333333333	0	1	Chinese			
Tan Sim Boh 	0	3	1	1	Chinese			
Tan Tock Seng 	1	3.6666666667	0	1	Chinese			
Tan Tye 	0	3	1	1	Chinese			
Tanah Merah Besar 	0	5	0	0	Malay			
Tanah Merah Ferry 	0	5	0	0	Malay			
Tanah Merah Kechil 	0	5.3333333333	0	0	Malay			
Tanah Puteh 	1	5	0	0	Malay			
Tanah Rata 	1	4.5	0	0	Malay			
Tanggam 	1	7	0	0	Malay			
Tanglin 	0	7	0	0	Malay			
Tanglin Halt 	0	5.5	0	2	British			
Tangmere 	0	8	0	2	British			
Tani 	1	4	0	0	Malay			
Tanjong 	1	7	0	0	Malay			
Tanjong 	0	7	0	0	Malay			
Tanjong Katong 	0	6.5	0	0	Malay			
Tanjong Kling 	0	6	0	0	Malay			
Tanjong Pagar 	0	6	0	0	Malay			
Tanjong Penjuru 	0	7	0	0	Malay			
Tanjong Rhu 	0	5	0	0	Malay			
Tank 	0	4	1	4	Generic			
Tannery 	0	7	1	4	Generic			
Tao Ching 	0	4	0	1	Chinese			
Tapisan 	1	7	0	0	Malay			
Tari Dulang 	1	5	0	0	Malay			
Tari Lilin 	1	4.5	0	0	Malay			
Tari Payong 	1	5	0	0	Malay			
Tari Piring 	1	5	0	0	Malay			
Tari Serimpi 	1	5.5	0	0	Malay			
Tari Zapin 	1	4.5	0	0	Malay			
Tarum 	1	5	0	0	Malay			
Tavistock 	0	9	0	2	British			
Tawas 	1	5	1	0	Malay			
Tay Lian Teck 	0	3.6666666667	0	1	Chinese			
Teachers' Housing 	0	8	0	4	Generic			
Teban 	0	5	0	0	Malay			
Teban 	1	5	0	0	Malay			
Tech 	0	4	0	4	Generic			
Technology 	0	10	1	4	Generic			
Teck Chye 	0	4	0	1	Chinese			
Teck Guan 	0	4	0	1	Chinese			
Teck Kee 	1	3.5	0	1	Chinese			
Teck Lim 	0	3.5	0	1	Chinese			
Teck Whye 	0	4	0	1	Chinese			
Teck Whye 	1	4	0	1	Chinese			
Tekad 	1	5	0	0	Malay			
Tekukor 	1	7	0	0	Malay			
Telang 	1	6	0	0	Malay			
Telawi 	1	6	0	0	Malay			
Telegraph 	0	9	1	4	Generic			
Telipok 	1	7	0	0	Malay			
Teliti 	1	6	0	0	Malay			
Telok 	1	5	0	0	Malay			
Telok Ayer 	0	4.5	0	0	Malay			
Telok Blangah 	0	6	0	0	Malay			
Telok Kurau 	0	5	0	0	Malay			
Telok Kurau 	1	5	0	0	Malay			
Telok Paku 	0	4.5	0	0	Malay			
Temasek 	0	7	0	0	Malay			
Tembeling 	0	9	0	0	Malay			
Tembusu 	1	7	0	0	Malay			
Temechut 	1	8	0	0	Malay			
Temenggong 	0	10	0	0	Malay			
Temple 	0	6	1	4	Generic			
Tempua 	1	6	0	0	Malay			
Tenaga 	1	6	0	0	Malay			
Tenang 	1	6	0	0	Malay			
Teng Tong 	0	4	0	1	Chinese			
Tengah 	0	6	0	0	Malay			
Tenggiri 	1	8	0	0	Malay			
Tenon 	1	5	1	0	Malay			
Tenteram 	1	8	0	0	Malay			
Teo Hong 	0	3.5	0	1	Chinese			
Teo Kim Eng 	0	3	0	1	Chinese			
Teow Hock 	0	4	0	1	Chinese			
Tepong 	1	6	0	0	Malay			
Terang Bulan 	0	5.5	0	0	Malay			
Terang Bulan 	1	5.5	0	0	Malay			
Terap 	1	5	0	0	Malay			
Terentang 	1	9	0	0	Malay			
Terigu 	1	6	0	0	Malay			
Terubok 	1	7	0	0	Malay			
Terusan 	1	7	0	0	Malay			
Tessensohn 	0	10	0	2	British			
Tew Chew 	0	3.5	1	1	Chinese			
Tham Soong 	0	4.5	0	1	Chinese			
The Inglewood 	0	6	0	2	British			
The Oval 	0	3.5	1	4	Generic			
Thiam Siew 	0	4.5	0	1	Chinese			
Third 	0	5	1	4	Generic			
Third Chin Bee 	0	4	1	1	Chinese			
Third Hospital 	0	6.5	1	4	Generic			
Third Lok Yang 	0	4	0	1	Chinese			
Thomson 	0	7	0	2	British			
Thomson Hills 	0	6	0	2	British			
Thong Bee 	0	4	1	1	Chinese			
Thong Soon 	0	4.5	1	1	Chinese			
Thrift 	0	6	1	2	British			
Tiga 	1	4	0	0	Malay			
Tiga Ratus 	1	4.5	0	0	Malay			
Tiong 	1	5	0	0	Malay			
Tiong Bahru 	0	5	0	0	Malay			
Tiong Poh 	0	4	0	1	Chinese			
Tiverton 	0	8	0	2	British			
Toa Payoh 	0	4	0	1	Chinese	"Hokkien ""big swamp"""		
Toa Payoh 	1	4	0	1	Chinese			
Todak 	1	5	0	0	Malay			
Toh 	0	3	0	1	Chinese			
Toh Guan 	0	3.5	0	1	Chinese			
Toh Tuck 	0	3.5	0	1	Chinese			
Toh Yi 	0	2.5	0	1	Chinese			
Tomlinson 	0	9	0	2	British			
Tong Lee 	0	3.5	1	1	Chinese			
Tong Watt 	0	4	1	1	Chinese			
Tongkol 	1	7	0	0	Malay			
Topaz 	0	5	1	6	Nature			
Toronto 	0	7	0	5	Other			
Tosca 	0	5	0	5	Other	Opera		
Towner 	0	6	0	2	British			
Townshend 	0	9	0	2	British			
Tractor 	0	7	1	4	Generic			
Trafalgar 	0	9	0	2	British			
Transit 	0	7	1	4	Generic			
Tras 	0	4	0	0	Malay			
Trengganu 	0	9	0	0	Malay			
Trevose 	0	7	0	2	British			
Tronoh 	0	6	0	5	Other	?		
Truro 	0	5	0	2	British			
Tu Fu 	0	2	0	1	Chinese			
Tua Kong 	1	3.5	0	1	Chinese			
Tua Kong 	0	3.5	0	1	Chinese			
Tuah 	0	4	0	0	Malay			
Tuas 	0	4	0	0	Malay	"""Tuas is derived from a daytime fishing method uncommon these days. The coastal Malays floated coconut fronds and leafy branches kept close together by the rising tide. A large net was then spread and suspended below. The shade provided drew in the fish. More and more were attracted until, at a given signal, the net was hauled up by the Malay fishermen in the boats. Levering or hauling up is menuas, which became tuas. Tuas also means ""to chop in two pieces"", ""to raise by leverage"", and ""to support""."" - Wikipedia"		
Tuas Basin 	0	4.5	0	0	Malay			
Tudor 	0	5	0	2	British			
Tujoh 	1	5	0	0	Malay			
Tukang 	1	6	0	0	Malay			
Tukang Dua 	1	4.5	0	0	Malay			
Tukang Empat 	1	5.5	0	0	Malay			
Tukang Lima 	1	5	0	0	Malay			
Tukang Satu 	1	5	0	0	Malay			
Tukang Tiga 	1	5	0	0	Malay			
Tukol 	1	5	0	0	Malay			
Tumpu 	1	5	0	0	Malay			
Tung Po 	0	3	1	1	Chinese			
Tupai 	1	5	0	0	Malay			
Turf Club 	0	4	1	4	Generic			
Turi 	1	4	0	0	Malay			
Turnhouse 	0	9	0	2	British			
Turut 	0	5	0	0	Malay			
Tyersall 	0	8	0	2	British			
Tyrwhitt 	0	8	0	2	British			
Ubi 	1	3	0	0	Malay			
Ubi 	0	3	0	0	Malay			
Uji 	1	3	0	0	Malay			
Ulu Pandan 	0	4.5	0	0	Malay			
Ulu Seletar 	1	5	0	0	Malay			
Ulu Sembawang 	1	6	0	0	Malay			
Ulu Siglap 	1	4.5	0	0	Malay			
Unggas 	1	6	0	0	Malay			
Unity 	0	5	1	4	Generic			
University 	0	10	1	4	Generic			
Upavon 	0	6	0	2	British			
Usaha 	1	5	0	0	Malay			
Valley 	0	6	1	4	Generic			
Vanda 	0	5	1	6	Nature			
Vaughan 	0	7	0	2	British			
Veeragoo 	0	8	0	5	Other			
Veerasamy 	0	9	0	0	Malay			
Venus 	0	5	1	5	Other			
Verdun 	0	6	0	5	Other			
Vernon 	0	6	0	2	British			
Victoria 	0	8	1	2	British			
View 	0	4	1	4	Generic			
Vigilante 	0	9	1	4	Generic			
Viking 	0	6	1	5	Other			
Vista 	0	5	1	4	Generic			
Wajek 	1	5	0	0	Malay			
Wajek 	0	5	0	0	Malay			
Wak Selat 	1	4	0	0	Malay			
Wakaff 	1	6	0	0	Malay			
Wallace 	0	7	0	2	British			
Wallich 	0	7	0	2	British			
Walmer 	0	6	0	2	British			
Walshe 	0	6	0	2	British			
Walton 	0	6	0	2	British			
Wan Lee 	0	3	1	1	Chinese			
Wan Shih 	0	3.5	0	1	Chinese			
Wan Tho 	0	3	1	1	Chinese			
Wangi 	1	5	0	0	Malay			
Wareham 	0	7	0	2	British			
Waringin 	0	8	0	0	Malay			
Waringin 	1	8	0	0	Malay			
Warna 	1	5	0	0	Malay			
Warwick 	0	7	0	2	British			
Waterloo 	0	8	1	5	Other			
Watten 	0	6	0	2	British			
Wee Nam 	0	3	1	1	Chinese			
Weld 	0	4	1	2	British			
Wellington 	0	10	1	2	British			
Wessex 	0	6	0	2	British			
Westbourne 	0	10	0	2	British			
Westerhout 	0	10	0	4	Generic			
Western 	0	7	1	4	Generic			
Westlake 	0	8	0	4	Generic			
Westridge 	0	9	0	2	British			
Westwood 	0	8	0	2	British			
Weyhill 	0	7	0	2	British			
Whampoa 	0	7	0	1	Chinese			
Whitchurch 	0	10	0	2	British			
White House 	0	5	1	4	Generic			
Whitley 	0	7	0	2	British			
Wholesale 	0	9	1	4	Generic			
Wilby 	0	5	0	2	British			
Wilkie 	0	6	0	2	British			
Wilkinson 	0	9	0	2	British			
Willow 	0	6	1	4	Generic			
Wilmonar 	0	8	0	2	British			
Wilton 	0	6	0	2	British			
Wiltshire 	0	9	0	2	British			
Wimborne 	0	8	0	2	British			
Winchester 	0	10	0	2	British			
Windsor 	0	7	0	2	British			
Winsor 	0	6	0	2	British			
Winstedt 	0	8	0	2	British			
Wishart 	0	7	0	2	British			
Wittering 	0	9	1	2	British			
Woking 	0	6	0	2	British			
Wolskel 	0	7	0	2	British			
Wong Chin Yoke 	0	4	0	1	Chinese			
Woo Mon Chew 	0	3.3333333333	0	1	Chinese			
Woodbridge 	1	10	0	2	British			
Woodgrove 	0	9	0	2	British			
Woodlands 	0	9	1	2	British			
Woodleigh 	0	9	0	2	British			
Woodsville 	0	10	0	2	British			
Woollerton 	0	10	0	2	British			
Woolwich 	0	8	0	2	British			
Worcester 	0	9	1	2	British			
Worthing 	0	8	1	2	British			
Xilin 	0	5	0	1	Chinese			
Yan Kit 	0	3	0	1	Chinese			
Yarrow 	0	6	1	2	British			
Yarwood 	0	7	0	2	British			
Yasin 	1	5	0	0	Malay			
Yee Tee 	0	3	0	1	Chinese			
Yew Siang 	0	4	0	1	Chinese			
Yew Tee 	0	3	1	1	Chinese			
Yio Chu Kang 	0	3.3333333333	0	1	Chinese			
Yishun 	0	6	0	1	Chinese			
Yong Siak 	0	4	0	1	Chinese			
York 	0	4	1	2	British			
Youngberg 	0	9	0	2	British			
Yuan Ching 	0	4.5	0	1	Chinese			
Yuk Tong 	0	3.5	1	1	Chinese			
Yung An 	0	3	0	1	Chinese			
Yung Ho 	0	3	0	1	Chinese			
Yung Kuang 	0	4.5	0	1	Chinese			
Yung Loh 	0	3.5	0	1	Chinese			
Yung Ping 	0	4	0	1	Chinese			
Yung Sheng 	0	4.5	0	1	Chinese			
Yunnan 	0	6	0	1	Chinese			
Zamrud 	1	6	0	0	Malay			
Zehnder 	0	7	0	5	Other	Sounds German?		
Zion 	0	4	0	4	Generic			
								
					765	Malay		
					292	Chinese		
					645	British		
					32	Indian		
					203	Generic		
					128	Other		
					58	Nature		
